"kind","code_or_message","module","device_layer","source","catalog_generated_at"
"backend_message","Job không cần agent in (browser/không tồn tại)","agent","Desktop / Print Agent","server/modules/agent/routes.js:20","2026-09-20T16:19:46.383Z"
"backend_message","Thiếu toBuild/key","appRelease","Backend / all clients","server/modules/appRelease/routes.js:61","2026-09-20T16:19:46.383Z"
"backend_message","Archive kind khong hop le","archive","Backend / all clients","server/services/archive.js:218","2026-09-20T16:19:46.383Z"
"backend_message","Cần đăng nhập","auth","Backend / all clients","server/services/auth.js:1098","2026-09-20T16:19:46.383Z"
"backend_message","Cần nhập tên và tên đăng nhập","auth","Backend / all clients","server/services/auth.js:971","2026-09-20T16:19:46.383Z"
"backend_message","Cần PIN Quản lý hoặc Admin (có quyền chi nhánh đích) để đổi chi nhánh.","auth","Backend / all clients","server/modules/auth/routes.js:25","2026-09-20T16:19:46.383Z"
"backend_message","Chi nhánh được yêu cầu không tồn tại hoặc đã ngừng hoạt động.","auth","Backend / all clients","server/services/auth.js:678","2026-09-20T16:19:46.383Z"
"backend_message","Còn ${inUse} nhân viên đang giữ vai trò này — đổi vai trò cho họ trước khi xóa.","auth","Backend / all clients","server/services/auth.js:601","2026-09-20T16:19:46.383Z"
"backend_message","Đăng nhập tạm khóa do nhập sai nhiều lần. Thử lại sau ~${mins} phút.","auth","Backend / all clients","server/services/auth.js:709","2026-09-20T16:19:46.383Z"
"backend_message","Không đủ quyền (${perm})","auth","Backend / all clients","server/services/auth.js:1099","2026-09-20T16:19:46.383Z"
"backend_message","Không thể xóa Admin cuối cùng","auth","Backend / all clients","server/services/auth.js:1051","2026-09-20T16:19:46.383Z"
"backend_message","Không thể xóa vai trò hệ thống.","auth","Backend / all clients","server/services/auth.js:598","2026-09-20T16:19:46.383Z"
"backend_message","Mã PIN hiện tại không đúng.","auth","Backend / all clients","server/services/auth.js:1038","2026-09-20T16:19:46.383Z"
"backend_message","Mã PIN phải đúng 4 chữ số","auth","Backend / all clients","server/services/auth.js:995","2026-09-20T16:19:46.383Z"
"backend_message","Mã vai trò không hợp lệ (chỉ a-z, 0-9, _).","auth","Backend / all clients","server/services/auth.js:586","2026-09-20T16:19:46.383Z"
"backend_message","Mã vai trò trùng vai trò hệ thống.","auth","Backend / all clients","server/services/auth.js:587","2026-09-20T16:19:46.383Z"
"backend_message","Người dùng không tồn tại","auth","Backend / all clients","server/services/auth.js:1049","2026-09-20T16:19:46.383Z"
"backend_message","Phải còn ít nhất một Admin","auth","Backend / all clients","server/services/auth.js:998","2026-09-20T16:19:46.383Z"
"backend_message","PIN mới phải gồm 4–6 chữ số.","auth","Backend / all clients","server/services/auth.js:1040","2026-09-20T16:19:46.383Z"
"backend_message","PIN mới phải khác PIN hiện tại.","auth","Backend / all clients","server/services/auth.js:1042","2026-09-20T16:19:46.383Z"
"backend_message","PIN mới quá dễ đoán (1234/0000/1111…). Hãy chọn dãy số khác.","auth","Backend / all clients","server/services/auth.js:1041","2026-09-20T16:19:46.383Z"
"backend_message","Sai tài khoản hoặc mã PIN","auth","Backend / all clients","server/services/auth.js:717","2026-09-20T16:19:46.383Z"
"backend_message","Tài khoản này chưa được cấp quyền vào chi nhánh đã chọn.","auth","Backend / all clients","server/services/auth.js:721","2026-09-20T16:19:46.383Z"
"backend_message","Tài khoản này không có quyền truy cập chi nhánh đã chọn.","auth","Backend / all clients","server/services/auth.js:690","2026-09-20T16:19:46.383Z"
"backend_message","Tên đăng nhập đã tồn tại","auth","Backend / all clients","server/services/auth.js:974","2026-09-20T16:19:46.383Z"
"backend_message","Thiếu chi nhánh đích.","auth","Backend / all clients","server/modules/auth/routes.js:23","2026-09-20T16:19:46.383Z"
"backend_message","Vai trò Admin luôn toàn quyền, không thể chỉnh","auth","Backend / all clients","server/services/auth.js:619","2026-09-20T16:19:46.383Z"
"backend_message","Vai trò cần có tên hiển thị.","auth","Backend / all clients","server/services/auth.js:589","2026-09-20T16:19:46.383Z"
"backend_message","Vai trò không hợp lệ","auth","Backend / all clients","server/services/auth.js:973","2026-09-20T16:19:46.383Z"
"backend_message","Vai trò không tồn tại.","auth","Backend / all clients","server/services/auth.js:599","2026-09-20T16:19:46.383Z"
"backend_message","Chỉ chấp nhận link http/https.","bookMenu","Backend / all clients","server/services/bookMenu.js:326","2026-09-20T16:19:46.383Z"
"backend_message","Không đọc được config PubHTML5","bookMenu","Backend / all clients","server/services/bookMenu.js:338","2026-09-20T16:19:46.383Z"
"backend_message","Không import được trang menu nào","bookMenu","Backend / all clients","server/services/bookMenu.js:411","2026-09-20T16:19:46.383Z"
"backend_message","Không phân giải được tên miền: ${url.hostname}","bookMenu","Backend / all clients","server/services/bookMenu.js:330","2026-09-20T16:19:46.383Z"
"backend_message","Không tải được PubHTML5 config","bookMenu","Backend / all clients","server/services/bookMenu.js:390","2026-09-20T16:19:46.383Z"
"backend_message","Không tải được trang menu: ${url}","bookMenu","Backend / all clients","server/services/bookMenu.js:363","2026-09-20T16:19:46.383Z"
"backend_message","Không tìm thấy quyển menu","bookMenu","Backend / all clients","server/services/bookMenu.js:281","2026-09-20T16:19:46.383Z"
"backend_message","Không tìm thấy trang cần xoá","bookMenu","Backend / all clients","server/services/bookMenu.js:284","2026-09-20T16:19:46.383Z"
"backend_message","PubHTML5 không có trang menu để import","bookMenu","Backend / all clients","server/services/bookMenu.js:394","2026-09-20T16:19:46.383Z"
"backend_message","Trang menu quá lớn, vượt giới hạn cho phép.","bookMenu","Backend / all clients","server/services/bookMenu.js:367","2026-09-20T16:19:46.383Z"
"backend_message","Trang menu tải về không phải ảnh raster hợp lệ.","bookMenu","Backend / all clients","server/services/bookMenu.js:369","2026-09-20T16:19:46.383Z"
"backend_message","URL trỏ tới địa chỉ mạng nội bộ, không được phép tải.","bookMenu","Backend / all clients","server/services/bookMenu.js:332","2026-09-20T16:19:46.383Z"
"backend_message","bootstrapDefaultAdmin bị CẤM khi APP_ENV=review — tenant review dùng reviewSeed.","bootstrapAdmin","Backend / all clients","server/services/bootstrapAdmin.js:28","2026-09-20T16:19:46.383Z"
"backend_message","Chi nhánh không tồn tại","branches","Backend / all clients","server/services/branches.js:71","2026-09-20T16:19:46.383Z"
"backend_message","Mã chi nhánh đã tồn tại","branches","Backend / all clients","server/services/branches.js:75","2026-09-20T16:19:46.383Z"
"backend_message","Thiếu mã chi nhánh","branches","Backend / all clients","server/services/branches.js:50","2026-09-20T16:19:46.383Z"
"backend_message","Thiếu tên chi nhánh","branches","Backend / all clients","server/services/branches.js:48","2026-09-20T16:19:46.383Z"
"backend_message","Ngày không hợp lệ","businessClock","Backend / all clients","server/core/businessClock.js:64","2026-09-20T16:19:46.383Z"
"backend_message","Timestamp không hợp lệ","businessClock","Backend / all clients","server/core/businessClock.js:101","2026-09-20T16:19:46.383Z"
"backend_message","Cần PIN của Manager hoặc Admin để thay đổi QR BYOD.","byod","Tablet / BYOD","server/modules/byod/routes.js:22","2026-09-20T16:19:46.383Z"
"backend_message","Cần mở ca trước khi ghi nhận thu/chi tiền két","cashDrawer","Backend / all clients","server/services/cashDrawer.js:308","2026-09-20T16:19:46.383Z"
"backend_message","Cần nhập bên nhận tiền / NCC","cashDrawer","Backend / all clients","server/services/cashDrawer.js:364","2026-09-20T16:19:46.383Z"
"backend_message","Cần nhập lý do chi tiền","cashDrawer","Backend / all clients","server/services/cashDrawer.js:363","2026-09-20T16:19:46.383Z"
"backend_message","Khoản chi","cashDrawer","Backend / all clients","server/services/cashDrawer.js:329","2026-09-20T16:19:46.383Z"
"backend_message","Khoản chi cần hoàn không tồn tại","cashDrawer","Backend / all clients","server/services/cashDrawer.js:327","2026-09-20T16:19:46.383Z"
"backend_message","Loại giao dịch két không hợp lệ","cashDrawer","Backend / all clients","server/services/cashDrawer.js:306","2026-09-20T16:19:46.383Z"
"backend_message","Ngày giờ không hợp lệ","cashDrawer","Backend / all clients","server/services/cashDrawer.js:15","2026-09-20T16:19:46.383Z"
"backend_message","Số tiền chi lớn hơn tiền mặt đang có trong két","cashDrawer","Backend / all clients","server/services/cashDrawer.js:312","2026-09-20T16:19:46.383Z"
"backend_message","Số tiền hoàn lớn hơn tổng số còn thiếu của các khoản chi đã chọn","cashDrawer","Backend / all clients","server/services/cashDrawer.js:333","2026-09-20T16:19:46.383Z"
"backend_message","Số tiền phải lớn hơn 0","cashDrawer","Backend / all clients","server/services/cashDrawer.js:9","2026-09-20T16:19:46.383Z"
"backend_message","Cần nhập PIN của Manager hoặc Admin để xác nhận cập nhật danh mục.","catalog","Backend / all clients","server/modules/catalog/routes.js:289","2026-09-20T16:19:46.383Z"
"backend_message","Cần nhập PIN của Manager hoặc Admin để xác nhận cập nhật món ăn.","catalog","Backend / all clients","server/modules/catalog/routes.js:134","2026-09-20T16:19:46.383Z"
"backend_message","Cần nhập PIN của Manager hoặc Admin để xác nhận đổi giá món.","catalog","Backend / all clients","server/modules/catalog/routes.js:240","2026-09-20T16:19:46.383Z"
"backend_message","Cần nhập PIN của Manager hoặc Admin để xác nhận tạo danh mục.","catalog","Backend / all clients","server/modules/catalog/routes.js:279","2026-09-20T16:19:46.383Z"
"backend_message","Cần nhập PIN của Manager hoặc Admin để xác nhận tạo món ăn.","catalog","Backend / all clients","server/modules/catalog/routes.js:78","2026-09-20T16:19:46.383Z"
"backend_message","Cần nhập PIN của Manager hoặc Admin để xác nhận xóa danh mục.","catalog","Backend / all clients","server/modules/catalog/routes.js:299","2026-09-20T16:19:46.383Z"
"backend_message","Cần nhập PIN của Manager hoặc Admin để xác nhận xóa món ăn.","catalog","Backend / all clients","server/modules/catalog/routes.js:266","2026-09-20T16:19:46.383Z"
"backend_message","Chi nhánh chưa có trạm chế biến đang hoạt động","catalog","Backend / all clients","server/modules/catalog/routes.js:26","2026-09-20T16:19:46.383Z"
"backend_message","Danh mục không tồn tại","catalog","Backend / all clients","server/services/catalog.js:566","2026-09-20T16:19:46.383Z"
"backend_message","Giá không hợp lệ","catalog","Backend / all clients","server/modules/catalog/routes.js:242","2026-09-20T16:19:46.383Z"
"backend_message","Không thể xóa: còn ${active} món trong danh mục này. Hãy chuyển/xóa món trước.","catalog","Backend / all clients","server/services/catalog.js:568","2026-09-20T16:19:46.383Z"
"backend_message","Không thể xóa: nhóm","catalog","Backend / all clients","server/services/catalog.js:579","2026-09-20T16:19:46.383Z"
"backend_message","Món","catalog","Backend / all clients","server/services/catalog.js:430","2026-09-20T16:19:46.383Z"
"backend_message","Món chưa tới khung giờ bán:","catalog","Backend / all clients","server/services/catalog.js:150","2026-09-20T16:19:46.383Z"
"backend_message","Món không tồn tại","catalog","Backend / all clients","server/services/catalog.js:598","2026-09-20T16:19:46.383Z"
"backend_message","Món không tồn tại hoặc đã ẩn:","catalog","Backend / all clients","server/services/catalog.js:148","2026-09-20T16:19:46.383Z"
"backend_message","Món tạm hết:","catalog","Backend / all clients","server/services/catalog.js:149","2026-09-20T16:19:46.383Z"
"backend_message","Nhóm món không thuộc chi nhánh","catalog","Backend / all clients","server/modules/catalog/routes.js:139","2026-09-20T16:19:46.383Z"
"backend_message","Tên và mã trạm là bắt buộc","catalog","Backend / all clients","server/modules/catalog/routes.js:51","2026-09-20T16:19:46.383Z"
"backend_message","Thiếu tên danh mục","catalog","Backend / all clients","server/services/catalog.js:519","2026-09-20T16:19:46.383Z"
"backend_message","Thiếu tên món hoặc nhóm","catalog","Backend / all clients","server/modules/catalog/routes.js:81","2026-09-20T16:19:46.383Z"
"backend_message","Thứ tự không hợp lệ","catalog","Backend / all clients","server/modules/catalog/routes.js:226","2026-09-20T16:19:46.383Z"
"backend_message","Trạm không tồn tại","catalog","Backend / all clients","server/modules/catalog/routes.js:47","2026-09-20T16:19:46.383Z"
"backend_message","Trạm mặc định không thuộc chi nhánh hoặc đã ẩn","catalog","Backend / all clients","server/services/catalog.js:539","2026-09-20T16:19:46.383Z"
"backend_message","Giỏ hàng trống","catalogue","Backend / all clients","server/modules/catalogue/routes.js:104","2026-09-20T16:19:46.383Z"
"backend_message","Mật khẩu không đúng","catalogue","Backend / all clients","server/modules/catalogue/routes.js:150","2026-09-20T16:19:46.383Z"
"backend_message","Tên thiết bị không được để trống","catalogue","Backend / all clients","server/services/catalogue.js:66","2026-09-20T16:19:46.383Z"
"backend_message","Thiết bị chưa từng kết nối vào hệ thống","catalogue","Backend / all clients","server/services/catalogue.js:69","2026-09-20T16:19:46.383Z"
"backend_message","Thiếu định danh thiết bị","catalogue","Backend / all clients","server/services/catalogue.js:65","2026-09-20T16:19:46.383Z"
"backend_message","Callback Lazada thiếu code.","connectionPlatform","Backend / all clients","server/services/connectionPlatform.js:54","2026-09-20T16:19:46.383Z"
"backend_message","Callback Shopee thiếu code/shop_id.","connectionPlatform","Backend / all clients","server/services/connectionPlatform.js:43","2026-09-20T16:19:46.383Z"
"backend_message","Callback TikTok Shop thiếu auth_code.","connectionPlatform","Backend / all clients","server/services/connectionPlatform.js:66","2026-09-20T16:19:46.383Z"
"backend_message","Chưa cấu hình credential nền tảng cho ${a.label} ở server.","connectionPlatform","Backend / all clients","server/services/connectionPlatform.js:119","2026-09-20T16:19:46.383Z"
"backend_message","Gian hàng không được kết nối với chi nhánh này.","connectionPlatform","Backend / all clients","server/services/connectionPlatform.js:452","2026-09-20T16:19:46.383Z"
"backend_message","Kết nối chưa có gian hàng ánh xạ vào chi nhánh này.","connectionPlatform","Backend / all clients","server/services/connectionPlatform.js:288","2026-09-20T16:19:46.383Z"
"backend_message","Kết nối chưa sẵn sàng đồng bộ lần đầu.","connectionPlatform","Backend / all clients","server/services/connectionPlatform.js:283","2026-09-20T16:19:46.383Z"
"backend_message","Không tìm thấy kết nối marketplace.","connectionPlatform","Backend / all clients","server/services/connectionPlatform.js:318","2026-09-20T16:19:46.383Z"
"backend_message","Không tìm thấy kết nối.","connectionPlatform","Backend / all clients","server/services/connectionPlatform.js:447","2026-09-20T16:19:46.383Z"
"backend_message","Không xác định được gian hàng sau uỷ quyền.","connectionPlatform","Backend / all clients","server/services/connectionPlatform.js:178","2026-09-20T16:19:46.383Z"
"backend_message","Người bán đã từ chối hoặc hủy cấp quyền.","connectionPlatform","Backend / all clients","server/services/connectionPlatform.js:159","2026-09-20T16:19:46.383Z"
"backend_message","Phiên kết nối đã dùng hoặc hết hạn.","connectionPlatform","Backend / all clients","server/services/connectionPlatform.js:150","2026-09-20T16:19:46.383Z"
"backend_message","Phiên kết nối đã được xử lý.","connectionPlatform","Backend / all clients","server/services/connectionPlatform.js:166","2026-09-20T16:19:46.383Z"
"backend_message","Phiên kết nối đã hết hạn.","connectionPlatform","Backend / all clients","server/services/connectionPlatform.js:153","2026-09-20T16:19:46.383Z"
"backend_message","Phiên kết nối không hợp lệ.","connectionPlatform","Backend / all clients","server/services/connectionPlatform.js:149","2026-09-20T16:19:46.383Z"
"backend_message","Sàn không hỗ trợ kết nối 1 chạm: ${provider}","connectionPlatform","Backend / all clients","server/services/connectionPlatform.js:76","2026-09-20T16:19:46.383Z"
"backend_message","Server chưa cấu hình API_BASE_URL/APP_URL cho callback marketplace.","connectionPlatform","Backend / all clients","server/services/connectionPlatform.js:126","2026-09-20T16:19:46.383Z"
"backend_message","Chi nhánh ánh xạ không hợp lệ.","connectionStore","Backend / all clients","server/services/connectionStore.js:321","2026-09-20T16:19:46.383Z"
"backend_message","Gian hàng không thuộc phiên ủy quyền này.","connectionStore","Backend / all clients","server/services/connectionStore.js:319","2026-09-20T16:19:46.383Z"
"backend_message","Kho không hoạt động hoặc không thuộc chi nhánh đã chọn.","connectionStore","Backend / all clients","server/services/connectionStore.js:324","2026-09-20T16:19:46.383Z"
"backend_message","Không tìm thấy kết nối marketplace.","connectionStore","Backend / all clients","server/services/connectionStore.js:377","2026-09-20T16:19:46.383Z"
"backend_message","Không tìm thấy kết nối.","connectionStore","Backend / all clients","server/services/connectionStore.js:415","2026-09-20T16:19:46.383Z"
"backend_message","Token refresh đang được một worker khác xử lý.","connectionStore","Backend / all clients","server/services/connectionStore.js:359","2026-09-20T16:19:46.383Z"
"backend_message","${label} must be 32 bytes encoded as hex or base64","crypto","Backend / all clients","server/core/crypto.js:14","2026-09-20T16:19:46.383Z"
"backend_message","${name} must be a JSON object","crypto","Backend / all clients","server/core/crypto.js:23","2026-09-20T16:19:46.383Z"
"backend_message","DATA_ENCRYPTION_ACTIVE_KEY_ID is invalid","crypto","Backend / all clients","server/core/crypto.js:35","2026-09-20T16:19:46.383Z"
"backend_message","DATA_ENCRYPTION_KEY is required","crypto","Backend / all clients","server/core/crypto.js:42","2026-09-20T16:19:46.383Z"
"backend_message","Encryption key id is unavailable: ${keyId}","crypto","Backend / all clients","server/core/crypto.js:192","2026-09-20T16:19:46.383Z"
"backend_message","Invalid encrypted file header","crypto","Backend / all clients","server/core/crypto.js:209","2026-09-20T16:19:46.383Z"
"backend_message","Invalid encrypted secret ${label}","crypto","Backend / all clients","server/core/crypto.js:61","2026-09-20T16:19:46.383Z"
"backend_message","Invalid encrypted secret envelope","crypto","Backend / all clients","server/core/crypto.js:133","2026-09-20T16:19:46.383Z"
"backend_message","Plaintext secret is not allowed","crypto","Backend / all clients","server/core/crypto.js:163","2026-09-20T16:19:46.383Z"
"backend_message","Secret context missing ${name}","crypto","Backend / all clients","server/core/crypto.js:68","2026-09-20T16:19:46.383Z"
"backend_message","Secret encryption context (AAD) is required","crypto","Backend / all clients","server/core/crypto.js:51","2026-09-20T16:19:46.383Z"
"backend_message","Unable to decrypt legacy file with configured keys","crypto","Backend / all clients","server/core/crypto.js:207","2026-09-20T16:19:46.383Z"
"backend_message","Unable to decrypt legacy secret with configured keys","crypto","Backend / all clients","server/core/crypto.js:145","2026-09-20T16:19:46.383Z"
"backend_message","Unsupported encrypted secret version","crypto","Backend / all clients","server/core/crypto.js:154","2026-09-20T16:19:46.383Z"
"backend_message","Khách hàng không tồn tại","customers","Backend / all clients","server/services/customers.js:240","2026-09-20T16:19:46.383Z"
"backend_message","Mã khách hàng đã tồn tại","customers","Backend / all clients","server/services/customers.js:183","2026-09-20T16:19:46.383Z"
"backend_message","Nhập ít nhất tên, tên công ty, MST, số điện thoại hoặc email","customers","Backend / all clients","server/services/customers.js:184","2026-09-20T16:19:46.383Z"
"backend_message","Số điện thoại không hợp lệ","customers","Backend / all clients","server/services/customers.js:388","2026-09-20T16:19:46.383Z"
"backend_message","Cần cung cấp ID audit log.","database","Backend / all clients","server/modules/database/routes.js:187","2026-09-20T16:19:46.383Z"
"backend_message","Không thể đọc nội dung tài liệu.","database","Backend / all clients","server/modules/database/routes.js:234","2026-09-20T16:19:46.383Z"
"backend_message","Không tìm thấy bản ghi nhật ký hoạt động.","database","Backend / all clients","server/modules/database/routes.js:189","2026-09-20T16:19:46.383Z"
"backend_message","Tài liệu không nằm trong danh mục cho phép.","database","Backend / all clients","server/modules/database/routes.js:223","2026-09-20T16:19:46.383Z"
"backend_message","Cần PIN Quản lý hoặc Admin để chạy backfill thật (dry-run thì không cần).","documents","Backend / all clients","server/modules/documents/routes.js:478","2026-09-20T16:19:46.383Z"
"backend_message","Cần PIN Quản lý hoặc Admin để xóa vĩnh viễn tài liệu.","documents","Backend / all clients","server/modules/documents/routes.js:444","2026-09-20T16:19:46.383Z"
"backend_message","Định dạng file không được hỗ trợ: ${mime_type}","documents","Backend / all clients","server/modules/documents/routes.js:292","2026-09-20T16:19:46.383Z"
"backend_message","File quá lớn — tối đa 25MB","documents","Backend / all clients","server/modules/documents/routes.js:295","2026-09-20T16:19:46.383Z"
"backend_message","File rỗng","documents","Backend / all clients","server/modules/documents/routes.js:294","2026-09-20T16:19:46.383Z"
"backend_message","Không đủ quyền (cần quyền thao tác Kho để lưu file import)","documents","Backend / all clients","server/modules/documents/routes.js:343","2026-09-20T16:19:46.383Z"
"backend_message","Tài liệu không tồn tại","documents","Backend / all clients","server/modules/documents/routes.js:448","2026-09-20T16:19:46.383Z"
"backend_message","Thiếu dữ liệu file (data, original_name)","documents","Backend / all clients","server/modules/documents/routes.js:291","2026-09-20T16:19:46.383Z"
"backend_message","Bill da co giao dich tra hang. Hoa don dien tu ban dau dang duoc giu de ra soat.","einvoice","Backend / all clients","server/services/einvoice.js:124","2026-09-20T16:19:46.383Z"
"backend_message","Bill đã có HĐĐT${inv.invoice_no ?","einvoice","Backend / all clients","server/services/einvoice.js:1037","2026-09-20T16:19:46.383Z"
"backend_message","Chỉ có thể gửi email cho hóa đơn đã phát hành thành công","einvoice","Backend / all clients","server/services/einvoice.js:949","2026-09-20T16:19:46.383Z"
"backend_message","Chỉ có thể hủy hóa đơn đã được phát hành thành công","einvoice","Backend / all clients","server/services/einvoice.js:869","2026-09-20T16:19:46.383Z"
"backend_message","Chỉ có thể tải hóa đơn đã phát hành thành công","einvoice","Backend / all clients","server/services/einvoice.js:976","2026-09-20T16:19:46.383Z"
"backend_message","Chỉ có thể thử lại các yêu cầu hóa đơn bị lỗi hoặc đang chờ thử lại","einvoice","Backend / all clients","server/services/einvoice.js:756","2026-09-20T16:19:46.383Z"
"backend_message","Chỉ xuất hóa đơn cho đơn hàng đã thanh toán","einvoice","Backend / all clients","server/services/einvoice.js:1331","2026-09-20T16:19:46.383Z"
"backend_message","Chưa có bản ghi HĐĐT cho bill này","einvoice","Backend / all clients","server/services/einvoice.js:1035","2026-09-20T16:19:46.383Z"
"backend_message","Đồng bộ MISA lỗi: ${err.message}","einvoice","Backend / all clients","server/services/einvoice.js:850","2026-09-20T16:19:46.383Z"
"backend_message","Đơn hàng không tồn tại","einvoice","Backend / all clients","server/services/einvoice.js:1330","2026-09-20T16:19:46.383Z"
"backend_message","HĐĐT đang ở trạng thái ${inv.invoice_status} — thử lại sau ít phút.","einvoice","Backend / all clients","server/services/einvoice.js:1046","2026-09-20T16:19:46.383Z"
"backend_message","Hoa don chua phat hanh thanh cong","einvoice","Backend / all clients","server/services/einvoice.js:992","2026-09-20T16:19:46.383Z"
"backend_message","Hoa don thieu TransactionID","einvoice","Backend / all clients","server/services/einvoice.js:993","2026-09-20T16:19:46.383Z"
"backend_message","Hóa đơn đã bắt đầu gửi nhà cung cấp nên không thể đổi thông tin người mua. Hãy lập hóa đơn điều chỉnh/thay thế.","einvoice","Backend / all clients","server/services/einvoice.js:1049","2026-09-20T16:19:46.383Z"
"backend_message","Hóa đơn đã gửi nhà cung cấp nên không thể đổi thông tin người mua. Hãy lập hóa đơn điều chỉnh/thay thế.","einvoice","Backend / all clients","server/services/einvoice.js:225","2026-09-20T16:19:46.383Z"
"backend_message","Hóa đơn đang được hủy hoặc trạng thái đã thay đổi.","einvoice","Backend / all clients","server/services/einvoice.js:882","2026-09-20T16:19:46.383Z"
"backend_message","Hóa đơn người tiêu dùng có thông tin phải có họ tên, địa chỉ và số định danh cá nhân 12 chữ số; nếu khách không cung cấp đủ, hãy dùng","einvoice","Backend / all clients","server/services/einvoice.js:38","2026-09-20T16:19:46.383Z"
"backend_message","Hóa đơn thiếu mã giao dịch (TransactionID) — không gửi được email","einvoice","Backend / all clients","server/services/einvoice.js:952","2026-09-20T16:19:46.383Z"
"backend_message","Hóa đơn thiếu mã giao dịch (TransactionID) — không tải được file","einvoice","Backend / all clients","server/services/einvoice.js:979","2026-09-20T16:19:46.383Z"
"backend_message","Hóa đơn vừa bắt đầu gửi nhà cung cấp; không thể đổi thông tin người mua.","einvoice","Backend / all clients","server/services/einvoice.js:1091","2026-09-20T16:19:46.383Z"
"backend_message","Hủy hóa đơn trên MISA meInvoice lỗi: ${err.message}","einvoice","Backend / all clients","server/services/einvoice.js:911","2026-09-20T16:19:46.383Z"
"backend_message","Idempotency-Key must not exceed 128 characters","einvoice","Backend / all clients","server/services/einvoice.js:296","2026-09-20T16:19:46.383Z"
"backend_message","Invoice allocation amount must be greater than zero","einvoice","Backend / all clients","server/services/einvoice.js:362","2026-09-20T16:19:46.383Z"
"backend_message","Invoice allocation exceeds remaining order amount (${remaining})","einvoice","Backend / all clients","server/services/einvoice.js:364","2026-09-20T16:19:46.383Z"
"backend_message","Khong tim thay hoa don","einvoice","Backend / all clients","server/services/einvoice.js:991","2026-09-20T16:19:46.383Z"
"backend_message","Không tìm thấy hóa đơn","einvoice","Backend / all clients","server/services/einvoice.js:974","2026-09-20T16:19:46.383Z"
"backend_message","Không tìm thấy yêu cầu hóa đơn","einvoice","Backend / all clients","server/services/einvoice.js:795","2026-09-20T16:19:46.383Z"
"backend_message","Mã số thuế doanh nghiệp phải gồm 10 hoặc 13 chữ số","einvoice","Backend / all clients","server/services/einvoice.js:204","2026-09-20T16:19:46.383Z"
"backend_message","MISA khong tra ve link xem hoa don","einvoice","Backend / all clients","server/services/einvoice.js:996","2026-09-20T16:19:46.383Z"
"backend_message","MISA không trả về dữ liệu file hóa đơn","einvoice","Backend / all clients","server/services/einvoice.js:983","2026-09-20T16:19:46.383Z"
"backend_message","MST doanh nghiệp phải gồm 10 hoặc 13 chữ số; số định danh cá nhân phải gồm 12 chữ số","einvoice","Backend / all clients","server/services/einvoice.js:1056","2026-09-20T16:19:46.383Z"
"backend_message","MST người mua trùng MST người bán. Không thể tự xuất hóa đơn bán lẻ cho chính doanh nghiệp; nếu là tiêu dùng nội bộ, hãy xử lý theo quy trình kế toán riêng.","einvoice","Backend / all clients","server/services/einvoice.js:31","2026-09-20T16:19:46.383Z"
"backend_message","Tách hóa đơn đã bị loại bỏ: mỗi đơn hàng chỉ được phát hành một hóa đơn duy nhất.","einvoice","Backend / all clients","server/services/einvoice.js:171","2026-09-20T16:19:46.383Z"
"backend_message","Thiếu địa chỉ doanh nghiệp mua hàng","einvoice","Backend / all clients","server/services/einvoice.js:28","2026-09-20T16:19:46.383Z"
"backend_message","Thiếu email người nhận","einvoice","Backend / all clients","server/services/einvoice.js:955","2026-09-20T16:19:46.383Z"
"backend_message","Thiếu tên công ty/tổ chức","einvoice","Backend / all clients","server/services/einvoice.js:206","2026-09-20T16:19:46.383Z"
"backend_message","Thiếu tên doanh nghiệp mua hàng","einvoice","Backend / all clients","server/services/einvoice.js:27","2026-09-20T16:19:46.383Z"
"backend_message","Thiếu tên người mua / công ty","einvoice","Backend / all clients","server/services/einvoice.js:1059","2026-09-20T16:19:46.383Z"
"backend_message","Vui lòng cung cấp lý do hủy hóa đơn","einvoice","Backend / all clients","server/services/einvoice.js:872","2026-09-20T16:19:46.383Z"
"backend_message","lý do nghiệp vụ","errors","Backend / all clients","server/core/errors.js:13","2026-09-20T16:19:46.383Z"
"backend_message","Khoản chi không tồn tại","expenses","Backend / all clients","server/services/expenses.js:242","2026-09-20T16:19:46.383Z"
"backend_message","Khoản chi này đã trừ vào két — chỉnh sửa trong sổ quỹ/ca để không lệch tiền mặt","expenses","Backend / all clients","server/services/expenses.js:213","2026-09-20T16:19:46.383Z"
"backend_message","Khoản chi này đã trừ vào két — không xóa từ Chi phí để tránh lệch quỹ","expenses","Backend / all clients","server/services/expenses.js:243","2026-09-20T16:19:46.383Z"
"backend_message","Số tiền chi phải lớn hơn 0","expenses","Backend / all clients","server/services/expenses.js:145","2026-09-20T16:19:46.383Z"
"backend_message","Thiếu tên danh mục","expenses","Backend / all clients","server/services/expenses.js:38","2026-09-20T16:19:46.383Z"
"backend_message","Chỉ chủ cửa hàng/tài khoản Haravan có vai trò admin mới có thể cấp quyền webhook. Hãy đăng nhập lại bằng tài khoản chủ shop.","haravanConnector","Backend / all clients","server/services/haravanConnector.js:356","2026-09-20T16:19:46.383Z"
"backend_message","Dòng hoàn tiền Haravan không hợp lệ.","haravanConnector","Backend / all clients","server/services/haravanConnector.js:1497","2026-09-20T16:19:46.383Z"
"backend_message","Đơn chưa được liên kết với connector đơn web Haravan.","haravanConnector","Backend / all clients","server/services/haravanConnector.js:1458","2026-09-20T16:19:46.383Z"
"backend_message","Đơn không thuộc chi nhánh đang thao tác.","haravanConnector","Backend / all clients","server/services/haravanConnector.js:1460","2026-09-20T16:19:46.383Z"
"backend_message","Gian hàng Haravan không thuộc chi nhánh đang thao tác.","haravanConnector","Backend / all clients","server/services/haravanConnector.js:143","2026-09-20T16:19:46.383Z"
"backend_message","Haravan chưa cấp quyền ${missing.join(","haravanConnector","Backend / all clients","server/services/haravanConnector.js:379","2026-09-20T16:19:46.383Z"
"backend_message","Haravan customer response missing id","haravanConnector","Backend / all clients","server/services/haravanConnector.js:960","2026-09-20T16:19:46.383Z"
"backend_message","Haravan không hỗ trợ thao tác đơn: ${action}","haravanConnector","Backend / all clients","server/services/haravanConnector.js:1467","2026-09-20T16:19:46.383Z"
"backend_message","Haravan OAuth did not return shop domain; pass ?shop=your-shop.myharavan.com to callback.","haravanConnector","Backend / all clients","server/services/haravanConnector.js:353","2026-09-20T16:19:46.383Z"
"backend_message","Haravan order response missing id","haravanConnector","Backend / all clients","server/services/haravanConnector.js:1020","2026-09-20T16:19:46.383Z"
"backend_message","Haravan trả về nonce không hợp lệ. Hãy kết nối lại.","haravanConnector","Backend / all clients","server/services/haravanConnector.js:350","2026-09-20T16:19:46.383Z"
"backend_message","Haravan webhook ${method} loi mang: ${netErr.message}","haravanConnector","Backend / all clients","server/services/haravanConnector.js:472","2026-09-20T16:19:46.383Z"
"backend_message","HARAVAN_ACCESS_TOKEN is not set","haravanConnector","Backend / all clients","server/services/haravanConnector.js:409","2026-09-20T16:19:46.383Z"
"backend_message","HARAVAN_CLIENT_ID is not set","haravanConnector","Backend / all clients","server/services/haravanConnector.js:287","2026-09-20T16:19:46.383Z"
"backend_message","HARAVAN_CLIENT_ID/HARAVAN_CLIENT_SECRET are not set","haravanConnector","Backend / all clients","server/services/haravanConnector.js:304","2026-09-20T16:19:46.383Z"
"backend_message","HARAVAN_CLIENT_SECRET is not set","haravanConnector","Backend / all clients","server/services/haravanConnector.js:73","2026-09-20T16:19:46.383Z"
"backend_message","HARAVAN_DEFAULT_BRANCH_ID does not match an active branch: ${wanted ||","haravanConnector","Backend / all clients","server/services/haravanConnector.js:200","2026-09-20T16:19:46.383Z"
"backend_message","HARAVAN_LOCATION_ID is not set","haravanConnector","Backend / all clients","server/services/haravanConnector.js:1262","2026-09-20T16:19:46.383Z"
"backend_message","haravan_location_id_required","haravanConnector","Backend / all clients","server/services/haravanConnector.js:1151","2026-09-20T16:19:46.383Z"
"backend_message","haravan_order_not_synced_yet","haravanConnector","Backend / all clients","server/services/haravanConnector.js:1041","2026-09-20T16:19:46.383Z"
"backend_message","Hoàn tiền cần ít nhất một dòng hàng.","haravanConnector","Backend / all clients","server/services/haravanConnector.js:1492","2026-09-20T16:19:46.383Z"
"backend_message","invalid_haravan_verify_token","haravanConnector","Backend / all clients","server/services/haravanConnector.js:251","2026-09-20T16:19:46.383Z"
"backend_message","invalid_webhook_signature","haravanConnector","Backend / all clients","server/services/haravanConnector.js:261","2026-09-20T16:19:46.383Z"
"backend_message","Không tìm thấy biến thể Haravan cần liên kết.","haravanConnector","Backend / all clients","server/services/haravanConnector.js:1417","2026-09-20T16:19:46.383Z"
"backend_message","Không tìm thấy gian hàng Haravan trong chi nhánh này.","haravanConnector","Backend / all clients","server/services/haravanConnector.js:1350","2026-09-20T16:19:46.383Z"
"backend_message","missing_haravan_oauth_code","haravanConnector","Backend / all clients","server/services/haravanConnector.js:345","2026-09-20T16:19:46.383Z"
"backend_message","missing_haravan_order_id","haravanConnector","Backend / all clients","server/services/haravanConnector.js:600","2026-09-20T16:19:46.383Z"
"backend_message","missing_haravan_product_id","haravanConnector","Backend / all clients","server/services/haravanConnector.js:816","2026-09-20T16:19:46.383Z"
"backend_message","Phiên cài đặt Haravan không hợp lệ.","haravanConnector","Backend / all clients","server/services/haravanConnector.js:375","2026-09-20T16:19:46.383Z"
"backend_message","Phiên kết nối Haravan đã hết hạn. Hãy thử kết nối lại.","haravanConnector","Backend / all clients","server/services/haravanConnector.js:89","2026-09-20T16:19:46.383Z"
"backend_message","Phiên kết nối Haravan không hợp lệ. Hãy kết nối lại từ Dan-D Pak.","haravanConnector","Backend / all clients","server/services/haravanConnector.js:85","2026-09-20T16:19:46.383Z"
"backend_message","Sản phẩm POS không tồn tại trong chi nhánh này.","haravanConnector","Backend / all clients","server/services/haravanConnector.js:1419","2026-09-20T16:19:46.383Z"
"backend_message","Số tiền hoàn khi hủy vượt quá giá trị đơn.","haravanConnector","Backend / all clients","server/services/haravanConnector.js:1480","2026-09-20T16:19:46.383Z"
"backend_message","Số tiền hoàn không hợp lệ.","haravanConnector","Backend / all clients","server/services/haravanConnector.js:1502","2026-09-20T16:19:46.383Z"
"backend_message","Token Haravan chưa có quyền wh_api. Hãy kết nối lại bằng tài khoản chủ shop/admin sau khi đăng ký Webhook trong Haravan Partners.","haravanConnector","Backend / all clients","server/services/haravanConnector.js:452","2026-09-20T16:19:46.383Z"
"backend_message","unsupported outbound topic: ${row.topic}","haravanConnector","Backend / all clients","server/services/haravanConnector.js:1092","2026-09-20T16:19:46.383Z"
"backend_message","unsupported_haravan_resource","haravanConnector","Backend / all clients","server/services/haravanConnector.js:1117","2026-09-20T16:19:46.383Z"
"backend_message","Đơn không tồn tại","history","Backend / all clients","server/services/history.js:156","2026-09-20T16:19:46.383Z"
"backend_message","lý do nghiệp vụ","http","Backend / all clients","server/core/http.js:16","2026-09-20T16:19:46.383Z"
"backend_message","Yêu cầu trước đó đang được xử lý, vui lòng chờ trong giây lát.","idempotency","Backend / all clients","server/services/idempotency.js:91","2026-09-20T16:19:46.383Z"
"backend_message","Nội dung file không khớp định dạng ảnh đã khai báo","imageValidation","Backend / all clients","server/core/imageValidation.js:28","2026-09-20T16:19:46.383Z"
"backend_message","${item.name} bắt buộc nhập hạn sử dụng","inventory","Backend / all clients","server/services/inventory.js:1343","2026-09-20T16:19:46.383Z"
"backend_message","${label} quá dài (tối đa ${max} ký tự)","inventory","Backend / all clients","server/services/inventory.js:75","2026-09-20T16:19:46.383Z"
"backend_message","Bảng giá chung là mặc định — không sửa được","inventory","Backend / all clients","server/services/inventory.js:450","2026-09-20T16:19:46.383Z"
"backend_message","Bảng giá chung phải có giá bán","inventory","Backend / all clients","server/services/inventory.js:490","2026-09-20T16:19:46.383Z"
"backend_message","Can nhap PIN cua Thu kho, Manager hoac Admin de tao/cau hinh kho.","inventory","Backend / all clients","server/modules/inventory/routes.js:9","2026-09-20T16:19:46.383Z"
"backend_message","Chỉ hủy được phiếu kiểm ở trạng thái Phiếu tạm","inventory","Backend / all clients","server/services/inventory.js:1123","2026-09-20T16:19:46.383Z"
"backend_message","Chỉ sửa được phiếu kiểm ở trạng thái Phiếu tạm","inventory","Backend / all clients","server/services/inventory.js:1034","2026-09-20T16:19:46.383Z"
"backend_message","Chưa có dòng hàng để xuất","inventory","Backend / all clients","server/services/inventory.js:876","2026-09-20T16:19:46.383Z"
"backend_message","Chưa có dòng kiểm kho","inventory","Backend / all clients","server/services/inventory.js:1024","2026-09-20T16:19:46.383Z"
"backend_message","Kho không thuộc chi nhánh hoặc không còn hoạt động","inventory","Backend / all clients","server/services/inventory.js:136","2026-09-20T16:19:46.383Z"
"backend_message","Kho không tồn tại","inventory","Backend / all clients","server/services/inventory.js:206","2026-09-20T16:19:46.383Z"
"backend_message","Kho kiểm không tồn tại","inventory","Backend / all clients","server/services/inventory.js:1022","2026-09-20T16:19:46.383Z"
"backend_message","Kho nguồn hoặc kho đích không tồn tại","inventory","Backend / all clients","server/services/inventory.js:791","2026-09-20T16:19:46.383Z"
"backend_message","Kho xuất không tồn tại","inventory","Backend / all clients","server/services/inventory.js:862","2026-09-20T16:19:46.383Z"
"backend_message","Khong tim thay ma vach","inventory","Backend / all clients","server/modules/inventory/routes.js:56","2026-09-20T16:19:46.383Z"
"backend_message","Không đủ tồn ở kho nguồn: ${item.name} (còn ${roundQty(availAtSource)} ${item.unit})","inventory","Backend / all clients","server/services/inventory.js:808","2026-09-20T16:19:46.383Z"
"backend_message","Không đủ tồn: ${item.name} (còn ${roundQty(available)} ${item.unit})","inventory","Backend / all clients","server/services/inventory.js:1389","2026-09-20T16:19:46.383Z"
"backend_message","Không thể tắt/đổi loại kho này — mỗi loại kho cần ít nhất một kho đang bật để phục vụ bán hàng (${cur.type ===","inventory","Backend / all clients","server/services/inventory.js:223","2026-09-20T16:19:46.383Z"
"backend_message","Không tìm thấy bảng giá","inventory","Backend / all clients","server/services/inventory.js:500","2026-09-20T16:19:46.383Z"
"backend_message","Không tìm thấy sản phẩm","inventory","Backend / all clients","server/services/inventory.js:484","2026-09-20T16:19:46.383Z"
"backend_message","Không xóa được bảng giá chung","inventory","Backend / all clients","server/services/inventory.js:468","2026-09-20T16:19:46.383Z"
"backend_message","Lot không đủ tồn","inventory","Backend / all clients","server/services/inventory.js:1470","2026-09-20T16:19:46.383Z"
"backend_message","Lot không tồn tại","inventory","Backend / all clients","server/services/inventory.js:1469","2026-09-20T16:19:46.383Z"
"backend_message","Mã hàng hoặc mã vạch đã tồn tại","inventory","Backend / all clients","server/services/inventory.js:624","2026-09-20T16:19:46.383Z"
"backend_message","Mã kho đã tồn tại","inventory","Backend / all clients","server/services/inventory.js:216","2026-09-20T16:19:46.383Z"
"backend_message","Mặt hàng kho bếp không tồn tại","inventory","Backend / all clients","server/services/inventory.js:604","2026-09-20T16:19:46.383Z"
"backend_message","Mặt hàng không tồn tại","inventory","Backend / all clients","server/services/inventory.js:1430","2026-09-20T16:19:46.383Z"
"backend_message","Mặt hàng không tồn tại: ${item_id}","inventory","Backend / all clients","server/services/inventory.js:978","2026-09-20T16:19:46.383Z"
"backend_message","Mặt hàng không tồn tại: ${r.item_id ||","inventory","Backend / all clients","server/services/inventory.js:868","2026-09-20T16:19:46.383Z"
"backend_message","Phiếu chuyển kho thiếu thông tin","inventory","Backend / all clients","server/services/inventory.js:788","2026-09-20T16:19:46.383Z"
"backend_message","Phiếu không tồn tại","inventory","Backend / all clients","server/services/inventory.js:1274","2026-09-20T16:19:46.383Z"
"backend_message","Phiếu kiểm chưa có dòng hàng","inventory","Backend / all clients","server/services/inventory.js:1065","2026-09-20T16:19:46.383Z"
"backend_message","Phiếu kiểm đã cân bằng hoặc đã hủy","inventory","Backend / all clients","server/services/inventory.js:1063","2026-09-20T16:19:46.383Z"
"backend_message","Phiếu kiểm không tồn tại","inventory","Backend / all clients","server/services/inventory.js:1136","2026-09-20T16:19:46.383Z"
"backend_message","SKU không tồn tại","inventory","Backend / all clients","server/services/inventory.js:673","2026-09-20T16:19:46.383Z"
"backend_message","Thiếu book_id/sku_id","inventory","Backend / all clients","server/services/inventory.js:482","2026-09-20T16:19:46.383Z"
"backend_message","Thiếu kho kiểm","inventory","Backend / all clients","server/services/inventory.js:1020","2026-09-20T16:19:46.383Z"
"backend_message","Thiếu kho xuất","inventory","Backend / all clients","server/services/inventory.js:860","2026-09-20T16:19:46.383Z"
"backend_message","Thiếu tên bảng giá","inventory","Backend / all clients","server/services/inventory.js:451","2026-09-20T16:19:46.383Z"
"backend_message","Thiếu tên kho","inventory","Backend / all clients","server/services/inventory.js:187","2026-09-20T16:19:46.383Z"
"backend_message","Thiếu tên mặt hàng","inventory","Backend / all clients","server/services/inventory.js:541","2026-09-20T16:19:46.383Z"
"backend_message","Thiếu tên SKU","inventory","Backend / all clients","server/services/inventory.js:620","2026-09-20T16:19:46.383Z"
"backend_message","Tồn đầu kỳ của hàng bắt buộc HSD phải có hạn sử dụng","inventory","Backend / all clients","server/services/inventory.js:634","2026-09-20T16:19:46.383Z"
"backend_message","Tồn kiểm không hợp lệ","inventory","Backend / all clients","server/services/inventory.js:1428","2026-09-20T16:19:46.383Z"
"backend_message","Can nhap PIN Manager hoac Admin de phat hanh lai hoa don.","invoices","Backend / all clients","server/modules/invoices/routes.js:33","2026-09-20T16:19:46.383Z"
"backend_message","Hóa đơn không tồn tại","invoices","Backend / all clients","server/services/invoices.js:160","2026-09-20T16:19:46.383Z"
"backend_message","Không được hủy hóa đơn đã phát hành tại đây. Hóa đơn lập sai phải xử lý điều chỉnh hoặc thay thế theo loại hóa đơn; riêng hóa đơn máy tính tiền phải lập hóa đơn thay thế theo Thông tư 91/2026/TT-BTC.","invoices","Backend / all clients","server/modules/invoices/routes.js:45","2026-09-20T16:19:46.383Z"
"backend_message","Lazada chat push thiếu buyer_id.","lazadaChatConnector","Backend / all clients","server/services/lazadaChatConnector.js:94","2026-09-20T16:19:46.383Z"
"backend_message","Lazada chat webhook body không hợp lệ.","lazadaChatConnector","Backend / all clients","server/services/lazadaChatConnector.js:59","2026-09-20T16:19:46.383Z"
"backend_message","Sai chữ ký push Lazada Chat.","lazadaChatConnector","Backend / all clients","server/services/lazadaChatConnector.js:86","2026-09-20T16:19:46.383Z"
"backend_message","Thiếu chữ ký push Lazada Chat.","lazadaChatConnector","Backend / all clients","server/services/lazadaChatConnector.js:81","2026-09-20T16:19:46.383Z"
"backend_message","Không có ánh xạ Lazada cho seller_id=${wanted}.","lazadaConnector","Backend / all clients","server/services/lazadaConnector.js:466","2026-09-20T16:19:46.383Z"
"backend_message","Không tìm thấy order_item_ids cho đơn Lazada này (chưa đồng bộ chi tiết đơn?).","lazadaConnector","Backend / all clients","server/services/lazadaConnector.js:563","2026-09-20T16:19:46.383Z"
"backend_message","Lazada ${apiPath}: ${code} ${data.message ||","lazadaConnector","Backend / all clients","server/services/lazadaConnector.js:118","2026-09-20T16:19:46.383Z"
"backend_message","Lazada chưa cấu hình App Key / App Secret.","lazadaConnector","Backend / all clients","server/services/lazadaConnector.js:77","2026-09-20T16:19:46.383Z"
"backend_message","Lazada không trả file waybill.","lazadaConnector","Backend / all clients","server/services/lazadaConnector.js:547","2026-09-20T16:19:46.383Z"
"backend_message","Lazada push body không hợp lệ.","lazadaConnector","Backend / all clients","server/services/lazadaConnector.js:495","2026-09-20T16:19:46.383Z"
"backend_message","Lazada push thiếu seller_id.","lazadaConnector","Backend / all clients","server/services/lazadaConnector.js:451","2026-09-20T16:19:46.383Z"
"backend_message","Lazada refresh token thất bại: ${data.message || data.code ||","lazadaConnector","Backend / all clients","server/services/lazadaConnector.js:187","2026-09-20T16:19:46.383Z"
"backend_message","Lazada thiếu refresh_token.","lazadaConnector","Backend / all clients","server/services/lazadaConnector.js:182","2026-09-20T16:19:46.383Z"
"backend_message","Lazada token exchange thất bại: ${data.message || data.code ||","lazadaConnector","Backend / all clients","server/services/lazadaConnector.js:158","2026-09-20T16:19:46.383Z"
"backend_message","missing_lazada_order_id","lazadaConnector","Backend / all clients","server/services/lazadaConnector.js:243","2026-09-20T16:19:46.383Z"
"backend_message","Sai chữ ký push Lazada.","lazadaConnector","Backend / all clients","server/services/lazadaConnector.js:511","2026-09-20T16:19:46.383Z"
"backend_message","Shop Lazada chưa được ủy quyền (thiếu access_token). Hãy chạy kết nối OAuth.","lazadaConnector","Backend / all clients","server/services/lazadaConnector.js:83","2026-09-20T16:19:46.383Z"
"backend_message","Thiếu chữ ký push Lazada.","lazadaConnector","Backend / all clients","server/services/lazadaConnector.js:506","2026-09-20T16:19:46.383Z"
"backend_message","Gian hàng không được ánh xạ vào chi nhánh này.","marketplace","Backend / all clients","server/modules/marketplace/routes.js:24","2026-09-20T16:19:46.383Z"
"backend_message","Káº¿t ná»‘i chÆ°a cÃ³ gian hÃ ng Ä‘Æ°á»£c Ã¡nh xáº¡ vÃ o chi nhÃ¡nh nÃ y.","marketplace","Backend / all clients","server/modules/marketplace/routes.js:29","2026-09-20T16:19:46.383Z"
"backend_message","Không tìm thấy kết nối marketplace.","marketplace","Backend / all clients","server/modules/marketplace/routes.js:106","2026-09-20T16:19:46.383Z"
"backend_message","Provider chưa hỗ trợ đồng bộ qua route này.","marketplace","Backend / all clients","server/modules/marketplace/routes.js:53","2026-09-20T16:19:46.383Z"
"backend_message","Server chưa cấu hình API_BASE_URL/APP_URL cho marketplace callback.","marketplace","Backend / all clients","server/modules/marketplace/routes.js:10","2026-09-20T16:19:46.383Z"
"backend_message","${provider} chưa có Page access token.","metaConnector","Backend / all clients","server/services/metaConnector.js:128","2026-09-20T16:19:46.383Z"
"backend_message","${provider} gửi tin lỗi: ${data.error.message}","metaConnector","Backend / all clients","server/services/metaConnector.js:134","2026-09-20T16:19:46.383Z"
"backend_message","Meta verify_token không khớp.","metaConnector","Backend / all clients","server/services/metaConnector.js:54","2026-09-20T16:19:46.383Z"
"backend_message","Meta webhook body không hợp lệ.","metaConnector","Backend / all clients","server/services/metaConnector.js:82","2026-09-20T16:19:46.383Z"
"backend_message","Sai chữ ký X-Hub-Signature-256.","metaConnector","Backend / all clients","server/services/metaConnector.js:91","2026-09-20T16:19:46.383Z"
"backend_message","Chưa khai đường dẫn API MISA cho thao tác","misa","Backend / all clients","server/services/misa/config.js:185","2026-09-20T16:19:46.383Z"
"backend_message","Hóa đơn có ${totals.lines.length} dòng, vượt giới hạn 400 dòng/hóa đơn của MISA","misa","Backend / all clients","server/services/misa/payload.js:183","2026-09-20T16:19:46.383Z"
"backend_message","Hóa đơn không có dòng hàng nào","misa","Backend / all clients","server/services/misa/payload.js:172","2026-09-20T16:19:46.383Z"
"backend_message","Hóa đơn lệch tiền: tiền hàng ${totalAmountWithoutVAT} + thuế ${totalVATAmount} ≠ ${grandTotal}","misa","Backend / all clients","server/services/misa/payload.js:159","2026-09-20T16:19:46.383Z"
"backend_message","Hóa đơn lệch tiền: tổng các dòng ${tongDong} ≠ tổng bill ${grandTotal}","misa","Backend / all clients","server/services/misa/payload.js:154","2026-09-20T16:19:46.383Z"
"backend_message","Mã số thuế không khớp: đã nhập ${taxCode}, tài khoản MISA thuộc về ${traVeMst}.","misa","Backend / all clients","server/services/misa/company.js:119","2026-09-20T16:19:46.383Z"
"backend_message","Thiếu mã số thuế để tra cứu doanh nghiệp","misa","Backend / all clients","server/services/misa/company.js:101","2026-09-20T16:19:46.383Z"
"backend_message","Mẫu số phải lớn hơn 0","money","Backend / all clients","server/core/money.js:15","2026-09-20T16:19:46.383Z"
"backend_message","Số thập phân không hợp lệ: ${raw}","money","Backend / all clients","server/core/money.js:7","2026-09-20T16:19:46.383Z"
"backend_message","Số tiền vượt giới hạn an toàn","money","Backend / all clients","server/core/money.js:23","2026-09-20T16:19:46.383Z"
"backend_message","Cần chọn bill để khớp.","moneyLedger","Backend / all clients","server/services/moneyLedger.js:354","2026-09-20T16:19:46.383Z"
"backend_message","Cần nhập tên nghĩa vụ (lương, thuê mặt bằng…).","moneyLedger","Backend / all clients","server/services/moneyLedger.js:438","2026-09-20T16:19:46.383Z"
"backend_message","Cần nhập từ khoá (pattern) cho rule.","moneyLedger","Backend / all clients","server/services/moneyLedger.js:376","2026-09-20T16:19:46.383Z"
"backend_message","Không tìm thấy giao dịch bank.","moneyLedger","Backend / all clients","server/services/moneyLedger.js:346","2026-09-20T16:19:46.383Z"
"backend_message","Thao tác không hợp lệ.","moneyLedger","Backend / all clients","server/services/moneyLedger.js:364","2026-09-20T16:19:46.383Z"
"backend_message","Danh sách tệp đính kèm không hợp lệ.","omni","Backend / all clients","server/services/omni/core.js:15","2026-09-20T16:19:46.383Z"
"backend_message","Đơn hàng không tồn tại trong chi nhánh.","omni","Backend / all clients","server/services/omni/core.js:241","2026-09-20T16:19:46.383Z"
"backend_message","Event key Omni bị dùng lại với payload khác.","omni","Backend / all clients","server/services/omni/core.js:96","2026-09-20T16:19:46.383Z"
"backend_message","Hội thoại chưa có định danh khách.","omni","Backend / all clients","server/services/omni/core.js:231","2026-09-20T16:19:46.383Z"
"backend_message","Kênh Omni thiếu provider hoặc mã tài khoản ngoài.","omni","Backend / all clients","server/services/omni/core.js:70","2026-09-20T16:19:46.383Z"
"backend_message","Khách hàng không tồn tại trong chi nhánh.","omni","Backend / all clients","server/services/omni/core.js:233","2026-09-20T16:19:46.383Z"
"backend_message","Không tìm thấy hội thoại Omni.","omni","Backend / all clients","server/services/omni/core.js:45","2026-09-20T16:19:46.383Z"
"backend_message","Mẫu trả lời cần shortcut hợp lệ và nội dung.","omni","Backend / all clients","server/services/omni/core.js:256","2026-09-20T16:19:46.383Z"
"backend_message","Mức ưu tiên hội thoại không hợp lệ.","omni","Backend / all clients","server/services/omni/core.js:216","2026-09-20T16:19:46.383Z"
"backend_message","Nhãn Omni cần có tên.","omni","Backend / all clients","server/services/omni/core.js:273","2026-09-20T16:19:46.383Z"
"backend_message","Nhãn Omni không thuộc chi nhánh hiện tại.","omni","Backend / all clients","server/services/omni/core.js:287","2026-09-20T16:19:46.383Z"
"backend_message","Nhân viên được phân công không hoạt động.","omni","Backend / all clients","server/services/omni/core.js:218","2026-09-20T16:19:46.383Z"
"backend_message","Sự kiện Omni thiếu provider/event_key.","omni","Backend / all clients","server/services/omni/core.js:87","2026-09-20T16:19:46.383Z"
"backend_message","Tệp đính kèm không hợp lệ.","omni","Backend / all clients","server/services/omni/core.js:20","2026-09-20T16:19:46.383Z"
"backend_message","Tệp đính kèm vượt quá 20MB.","omni","Backend / all clients","server/services/omni/core.js:24","2026-09-20T16:19:46.383Z"
"backend_message","Tin nhắn thiếu định danh khách ngoài.","omni","Backend / all clients","server/services/omni/core.js:105","2026-09-20T16:19:46.383Z"
"backend_message","Tin nhắn thiếu mã hội thoại ngoài.","omni","Backend / all clients","server/services/omni/core.js:120","2026-09-20T16:19:46.383Z"
"backend_message","Tin nhắn thiếu mã ngoài.","omni","Backend / all clients","server/services/omni/core.js:131","2026-09-20T16:19:46.383Z"
"backend_message","Tối đa 10 tệp đính kèm mỗi tin nhắn.","omni","Backend / all clients","server/services/omni/core.js:16","2026-09-20T16:19:46.383Z"
"backend_message","Tổng tệp đính kèm vượt quá 50MB.","omni","Backend / all clients","server/services/omni/core.js:28","2026-09-20T16:19:46.383Z"
"backend_message","Trạng thái hội thoại không hợp lệ.","omni","Backend / all clients","server/services/omni/core.js:215","2026-09-20T16:19:46.383Z"
"backend_message","URL tệp đính kèm phải dùng HTTPS.","omni","Backend / all clients","server/services/omni/core.js:32","2026-09-20T16:19:46.383Z"
"backend_message","Đơn đã ở trạng thái kết thúc; không thể tiếp tục xử lý.","online","Backend / all clients","server/services/online.js:682","2026-09-20T16:19:46.383Z"
"backend_message","Đơn online không tồn tại.","online","Backend / all clients","server/services/online.js:364","2026-09-20T16:19:46.383Z"
"backend_message","Đơn online rỗng","online","Backend / all clients","server/services/online.js:248","2026-09-20T16:19:46.383Z"
"backend_message","Hủy/hoàn tiền không dùng thao tác hàng loạt ở đây.","online","Backend / all clients","server/modules/online/routes.js:59","2026-09-20T16:19:46.383Z"
"backend_message","Hủy/hoàn tiền phải dùng endpoint có quyền chuyên biệt.","online","Backend / all clients","server/modules/online/routes.js:49","2026-09-20T16:19:46.383Z"
"backend_message","Kenh","online","Backend / all clients","server/services/online.js:46","2026-09-20T16:19:46.383Z"
"backend_message","Kenh online da bat nhung chua cau hinh webhook secret.","online","Backend / all clients","server/services/online.js:57","2026-09-20T16:19:46.383Z"
"backend_message","Kenh online khong hop le:","online","Backend / all clients","server/services/online.js:44","2026-09-20T16:19:46.383Z"
"backend_message","Kênh ${current.provider} chưa hỗ trợ đồng bộ thao tác này.","online","Backend / all clients","server/services/online.js:691","2026-09-20T16:19:46.383Z"
"backend_message","Không khớp được sản phẩm online:","online","Backend / all clients","server/services/online.js:103","2026-09-20T16:19:46.383Z"
"backend_message","Không tìm thấy đơn Retail Online.","online","Backend / all clients","server/services/online.js:657","2026-09-20T16:19:46.383Z"
"backend_message","Không tìm thấy listing trên sàn cần liên kết.","online","Backend / all clients","server/services/online.js:858","2026-09-20T16:19:46.383Z"
"backend_message","Không tìm thấy listing trên sàn.","online","Backend / all clients","server/services/online.js:897","2026-09-20T16:19:46.383Z"
"backend_message","Mặt hàng POS không tồn tại trong chi nhánh này.","online","Backend / all clients","server/services/online.js:860","2026-09-20T16:19:46.383Z"
"backend_message","Nhân viên được phân công không tồn tại hoặc đã ngừng hoạt động.","online","Backend / all clients","server/services/online.js:663","2026-09-20T16:19:46.383Z"
"backend_message","Payload webhook không hợp lệ hoặc cấu trúc không được hỗ trợ.","online","Backend / all clients","server/services/online.js:237","2026-09-20T16:19:46.383Z"
"backend_message","Sai webhook secret cho kenh","online","Backend / all clients","server/services/online.js:66","2026-09-20T16:19:46.383Z"
"backend_message","Thao tác đơn online không hợp lệ.","online","Backend / all clients","server/services/online.js:680","2026-09-20T16:19:46.383Z"
"backend_message","Trạng thái online không hợp lệ","online","Backend / all clients","server/services/online.js:350","2026-09-20T16:19:46.383Z"
"backend_message","Webhook kênh bán phải chỉ rõ branch_id.","online","Backend / all clients","server/modules/online/routes.js:25","2026-09-20T16:19:46.383Z"
"backend_message","Bàn chuyển phải khác bàn hiện tại","orders","Backend / all clients","server/services/orders.js:730","2026-09-20T16:19:46.383Z"
"backend_message","Bàn đang có khách, không thể xóa!","orders","Backend / all clients","server/services/orders.js:1262","2026-09-20T16:19:46.383Z"
"backend_message","Bàn đích đang có bill. Hãy dùng Gộp bàn.","orders","Backend / all clients","server/services/orders.js:734","2026-09-20T16:19:46.383Z"
"backend_message","Bàn đích không tồn tại","orders","Backend / all clients","server/services/orders.js:772","2026-09-20T16:19:46.383Z"
"backend_message","Bàn hiện tại chưa có bill để chuyển","orders","Backend / all clients","server/services/orders.js:732","2026-09-20T16:19:46.383Z"
"backend_message","Bàn không tồn tại","orders","Backend / all clients","server/services/orders.js:1254","2026-09-20T16:19:46.383Z"
"backend_message","Bàn nguồn chưa có bill","orders","Backend / all clients","server/services/orders.js:767","2026-09-20T16:19:46.383Z"
"backend_message","Bàn nguồn không tồn tại","orders","Backend / all clients","server/services/orders.js:771","2026-09-20T16:19:46.383Z"
"backend_message","Bill ${o.bill_no || o.id} đã ghi nhận ${Math.round(paid).toLocaleString(","orders","Backend / all clients","server/services/orders.js:670","2026-09-20T16:19:46.383Z"
"backend_message","Bill cần gộp không tồn tại hoặc đã đóng.","orders","Backend / all clients","server/services/orders.js:312","2026-09-20T16:19:46.383Z"
"backend_message","Bill đã được void trước đó.","orders","Backend / all clients","server/modules/orders/routes.js:350","2026-09-20T16:19:46.383Z"
"backend_message","Bill không tồn tại hoặc đã đóng","orders","Backend / all clients","server/services/orders.js:1032","2026-09-20T16:19:46.383Z"
"backend_message","Bill không tồn tại.","orders","Backend / all clients","server/modules/orders/routes.js:392","2026-09-20T16:19:46.383Z"
"backend_message","Cần mở ca làm việc trước khi bán hàng.","orders","Backend / all clients","server/services/orders.js:152","2026-09-20T16:19:46.383Z"
"backend_message","Cần nhập lý do hoàn tiền.","orders","Backend / all clients","server/modules/orders/routes.js:396","2026-09-20T16:19:46.383Z"
"backend_message","Cần nhập lý do từ chối","orders","Backend / all clients","server/services/orders.js:615","2026-09-20T16:19:46.383Z"
"backend_message","Cần nhập PIN của Manager hoặc Admin để chỉnh giá dòng.","orders","Backend / all clients","server/modules/orders/routes.js:133","2026-09-20T16:19:46.383Z"
"backend_message","Cần nhập PIN của Manager hoặc Admin để xác nhận thay đổi sơ đồ bàn.","orders","Backend / all clients","server/modules/orders/routes.js:98","2026-09-20T16:19:46.383Z"
"backend_message","Cần nhập PIN của Quản lý hoặc Admin để hủy bill.","orders","Backend / all clients","server/modules/orders/routes.js:338","2026-09-20T16:19:46.383Z"
"backend_message","Cần PIN của Quản lý/Admin để hoàn tiền và dọn bàn.","orders","Backend / all clients","server/modules/orders/routes.js:46","2026-09-20T16:19:46.383Z"
"backend_message","Cần quyền hoặc PIN của người có quyền để ${label}.","orders","Backend / all clients","server/modules/orders/routes.js:283","2026-09-20T16:19:46.383Z"
"backend_message","Chỉ có thể hoàn tiền cho bill đã thanh toán.","orders","Backend / all clients","server/modules/orders/routes.js:393","2026-09-20T16:19:46.383Z"
"backend_message","Chọn ít nhất một dòng để tách bill","orders","Backend / all clients","server/services/orders.js:806","2026-09-20T16:19:46.383Z"
"backend_message","Chưa chọn món để hủy","orders","Backend / all clients","server/services/orders.js:1014","2026-09-20T16:19:46.383Z"
"backend_message","Đã chọn trùng món đi kèm cho","orders","Backend / all clients","server/services/orders.js:220","2026-09-20T16:19:46.383Z"
"backend_message","Đơn hàng không tồn tại","orders","Backend / all clients","server/modules/orders/routes.js:192","2026-09-20T16:19:46.383Z"
"backend_message","Hết hàng: ${sku.name} (còn ${sku.stock})","orders","Backend / all clients","server/services/orders.js:365","2026-09-20T16:19:46.383Z"
"backend_message","Hủy món phải dùng chức năng Hủy (cần PIN Quản lý/Admin).","orders","Backend / all clients","server/modules/orders/routes.js:210","2026-09-20T16:19:46.383Z"
"backend_message","Item không tồn tại","orders","Backend / all clients","server/services/orders.js:944","2026-09-20T16:19:46.383Z"
"backend_message","Không cần tách nếu chọn toàn bộ bill","orders","Backend / all clients","server/services/orders.js:810","2026-09-20T16:19:46.383Z"
"backend_message","Không có món chờ xác nhận","orders","Backend / all clients","server/services/orders.js:619","2026-09-20T16:19:46.383Z"
"backend_message","Không có món để hủy","orders","Backend / all clients","server/services/orders.js:1024","2026-09-20T16:19:46.383Z"
"backend_message","Không thể gộp cùng một bàn","orders","Backend / all clients","server/services/orders.js:765","2026-09-20T16:19:46.383Z"
"backend_message","Không thể void bill đã thanh toán. Hãy dùng chức năng Hoàn tiền.","orders","Backend / all clients","server/modules/orders/routes.js:349","2026-09-20T16:19:46.383Z"
"backend_message","Không tìm thấy dòng hợp lệ để tách","orders","Backend / all clients","server/services/orders.js:809","2026-09-20T16:19:46.383Z"
"backend_message","Khu vực không tồn tại","orders","Backend / all clients","server/services/orders.js:1210","2026-09-20T16:19:46.383Z"
"backend_message","Lot ${lot.lot_no} của ${sku.name} không đủ tồn (còn ${lot.qty_on_hand})","orders","Backend / all clients","server/services/orders.js:834","2026-09-20T16:19:46.383Z"
"backend_message","Lot không tồn tại cho","orders","Backend / all clients","server/services/orders.js:832","2026-09-20T16:19:46.383Z"
"backend_message","Món đi kèm không hợp lệ cho","orders","Backend / all clients","server/services/orders.js:217","2026-09-20T16:19:46.383Z"
"backend_message","Món đi kèm không thể huỷ riêng — huỷ món chính để huỷ cả nhóm.","orders","Backend / all clients","server/services/orders.js:1029","2026-09-20T16:19:46.383Z"
"backend_message","Món đi kèm tạm hết: ${hit.option.name}","orders","Backend / all clients","server/services/orders.js:218","2026-09-20T16:19:46.383Z"
"backend_message","Món không tồn tại","orders","Backend / all clients","server/services/orders.js:601","2026-09-20T16:19:46.383Z"
"backend_message","Nguồn tạo đơn không hợp lệ","orders","Backend / all clients","server/services/orders.js:244","2026-09-20T16:19:46.383Z"
"backend_message","Nhập lý do hoàn tiền và dọn bàn.","orders","Backend / all clients","server/modules/orders/routes.js:53","2026-09-20T16:19:46.383Z"
"backend_message","Nhóm","orders","Backend / all clients","server/services/orders.js:228","2026-09-20T16:19:46.383Z"
"backend_message","Order trống","orders","Backend / all clients","server/services/orders.js:246","2026-09-20T16:19:46.383Z"
"backend_message","PIN không đúng hoặc người đó không có quyền ${label}.","orders","Backend / all clients","server/modules/orders/routes.js:289","2026-09-20T16:19:46.383Z"
"backend_message","PIN không đúng hoặc người đó không có quyền Quản lý/Admin.","orders","Backend / all clients","server/modules/orders/routes.js:389","2026-09-20T16:19:46.383Z"
"backend_message","positions phải là mảng","orders","Backend / all clients","server/services/orders.js:1221","2026-09-20T16:19:46.383Z"
"backend_message","SKU chưa có giá bán: ${sku.name}","orders","Backend / all clients","server/services/orders.js:380","2026-09-20T16:19:46.383Z"
"backend_message","SKU không tồn tại:","orders","Backend / all clients","server/services/orders.js:362","2026-09-20T16:19:46.383Z"
"backend_message","Số bàn","orders","Backend / all clients","server/services/orders.js:1159","2026-09-20T16:19:46.383Z"
"backend_message","Thiết bị tự gọi món chỉ được gọi món trong thực đơn.","orders","Backend / all clients","server/services/orders.js:301","2026-09-20T16:19:46.383Z"
"backend_message","Thiết bị tự gọi món không được chỉ định máy POS/máy in.","orders","Backend / all clients","server/services/orders.js:304","2026-09-20T16:19:46.383Z"
"backend_message","Thiết bị tự gọi món không được gộp vào bill có sẵn.","orders","Backend / all clients","server/services/orders.js:299","2026-09-20T16:19:46.383Z"
"backend_message","Thiếu lựa chọn bắt buộc cho nhóm","orders","Backend / all clients","server/services/orders.js:201","2026-09-20T16:19:46.383Z"
"backend_message","Thiếu số bàn","orders","Backend / all clients","server/services/orders.js:1155","2026-09-20T16:19:46.383Z"
"backend_message","Thiếu tên khu vực","orders","Backend / all clients","server/services/orders.js:1198","2026-09-20T16:19:46.383Z"
"backend_message","Trạng thái không hợp lệ","orders","Backend / all clients","server/services/orders.js:922","2026-09-20T16:19:46.383Z"
"backend_message","Tuỳ chọn không có trong thực đơn của","orders","Backend / all clients","server/services/orders.js:180","2026-09-20T16:19:46.383Z"
"backend_message","Chưa cấu hình tài khoản nhận chuyển khoản.","paymentIntents","Backend / all clients","server/services/paymentIntents.js:99","2026-09-20T16:19:46.383Z"
"backend_message","Đã hết dải mã chuyển khoản trong ngày.","paymentIntents","Backend / all clients","server/services/paymentIntents.js:125","2026-09-20T16:19:46.383Z"
"backend_message","PaymentIntent không còn hiệu lực (${intent.state}).","paymentIntents","Backend / all clients","server/services/paymentIntents.js:234","2026-09-20T16:19:46.383Z"
"backend_message","PaymentIntent không thuộc đơn/chi nhánh hiện tại.","paymentIntents","Backend / all clients","server/services/paymentIntents.js:231","2026-09-20T16:19:46.383Z"
"backend_message","Số tiền PaymentIntent không còn khớp đơn. Hãy tạo QR mới.","paymentIntents","Backend / all clients","server/services/paymentIntents.js:236","2026-09-20T16:19:46.383Z"
"backend_message","Bạn không có quyền áp giảm giá / khuyến mại khi thanh toán.","payments","Backend / all clients","server/modules/payments/routes.js:51","2026-09-20T16:19:46.383Z"
"backend_message","Bill hien tai khong co so tien can thanh toan.","payments","Backend / all clients","server/services/payments.js:957","2026-09-20T16:19:46.383Z"
"backend_message","Bill không tồn tại.","payments","Backend / all clients","server/services/payments.js:383","2026-09-20T16:19:46.383Z"
"backend_message","Can mo ca lam viec truoc khi thanh toan.","payments","Backend / all clients","server/services/payments.js:613","2026-09-20T16:19:46.383Z"
"backend_message","Casso đang bật nhưng chưa cấu hình secure-token để xác thực webhook — từ chối.","payments","Backend / all clients","server/services/payments.js:1368","2026-09-20T16:19:46.383Z"
"backend_message","Chỉ có thể đảo thanh toán cho bill đã thanh toán.","payments","Backend / all clients","server/services/payments.js:384","2026-09-20T16:19:46.383Z"
"backend_message","Chua cau hinh day du ngan hang nhan QR trong Settings.","payments","Backend / all clients","server/services/payments.js:1025","2026-09-20T16:19:46.383Z"
"backend_message","Chua tai anh QR tinh len trong Cai dat > Thanh toan.","payments","Backend / all clients","server/services/payments.js:1004","2026-09-20T16:19:46.383Z"
"backend_message","Con ${pending.length} dong mon dang cho nhan vien xac nhan","payments","Backend / all clients","server/services/payments.js:1147","2026-09-20T16:19:46.383Z"
"backend_message","Còn ${pending.length} dòng món đang chờ nhân viên xác nhận","payments","Backend / all clients","server/services/payments.js:606","2026-09-20T16:19:46.383Z"
"backend_message","Dang mat ket noi: chi duoc thu tien mat/voucher; the can ma giao dich tu may POS. Chuyen khoan phai cho ngan hang xac nhan khi co mang.","payments","Backend / all clients","server/services/payments.js:93","2026-09-20T16:19:46.383Z"
"backend_message","Đơn đang chờ thanh toán bằng QR trên một thiết bị khác. Hãy mở đúng QR hoặc hủy/tạo lại PaymentIntent trước khi đổi phương thức.","payments","Backend / all clients","server/services/payments.js:619","2026-09-20T16:19:46.383Z"
"backend_message","Generic payment creation is planned. Current app uses /api/orders/:id/pay.","payments","Backend / all clients","server/modules/payments/routes.js:108","2026-09-20T16:19:46.383Z"
"backend_message","Hóa đơn đã được thanh toán hoặc không còn ở trạng thái mở.","payments","Backend / all clients","server/services/payments.js:683","2026-09-20T16:19:46.383Z"
"backend_message","Hóa đơn này vừa được xác nhận thanh toán rồi (có thể do chuyển khoản tự động hoặc thiết bị khác) — không cần thu thêm.","payments","Backend / all clients","server/services/payments.js:633","2026-09-20T16:19:46.383Z"
"backend_message","Idempotency-Key must not exceed 128 characters","payments","Backend / all clients","server/services/payments.js:535","2026-09-20T16:19:46.383Z"
"backend_message","Idempotency-Key was already used for another order","payments","Backend / all clients","server/services/payments.js:540","2026-09-20T16:19:46.383Z"
"backend_message","MST công ty phải gồm 10 hoặc 13 chữ số","payments","Backend / all clients","server/services/payments.js:279","2026-09-20T16:19:46.383Z"
"backend_message","Order da dong","payments","Backend / all clients","server/services/payments.js:1145","2026-09-20T16:19:46.383Z"
"backend_message","Order đã đóng","payments","Backend / all clients","server/services/payments.js:566","2026-09-20T16:19:46.383Z"
"backend_message","Order khong thuoc chi nhanh hien tai","payments","Backend / all clients","server/services/payments.js:952","2026-09-20T16:19:46.383Z"
"backend_message","Order khong ton tai","payments","Backend / all clients","server/services/payments.js:1144","2026-09-20T16:19:46.383Z"
"backend_message","Order không tồn tại","payments","Backend / all clients","server/services/payments.js:564","2026-09-20T16:19:46.383Z"
"backend_message","Payment list endpoint is planned. Current reports are available through dashboard/report center endpoints.","payments","Backend / all clients","server/modules/payments/routes.js:113","2026-09-20T16:19:46.383Z"
"backend_message","PaymentIntent chỉ được hoàn tất bằng một dòng chuyển khoản thanh toán đủ.","payments","Backend / all clients","server/services/payments.js:700","2026-09-20T16:19:46.383Z"
"backend_message","payOS chua cau hinh Checksum Key","payments","Backend / all clients","server/services/payments.js:1445","2026-09-20T16:19:46.383Z"
"backend_message","Phuong thuc thanh toan nay dang tat trong Cai dat","payments","Backend / all clients","server/services/payments.js:1150","2026-09-20T16:19:46.383Z"
"backend_message","Phương thức không hợp lệ:","payments","Backend / all clients","server/services/payments.js:424","2026-09-20T16:19:46.383Z"
"backend_message","Runtime Node hiện tại chưa hỗ trợ fetch để gọi VietQR API.","payments","Backend / all clients","server/services/payments.js:197","2026-09-20T16:19:46.383Z"
"backend_message","Sai API key SePay","payments","Backend / all clients","server/services/payments.js:1345","2026-09-20T16:19:46.383Z"
"backend_message","Sai Basic Auth VietQR","payments","Backend / all clients","server/services/payments.js:1409","2026-09-20T16:19:46.383Z"
"backend_message","Sai chu ky payOS","payments","Backend / all clients","server/services/payments.js:1446","2026-09-20T16:19:46.383Z"
"backend_message","Sai secure-token Casso","payments","Backend / all clients","server/services/payments.js:1371","2026-09-20T16:19:46.383Z"
"backend_message","SePay đang bật nhưng chưa cấu hình API key để xác thực webhook — từ chối.","payments","Backend / all clients","server/services/payments.js:1342","2026-09-20T16:19:46.383Z"
"backend_message","Số tiền dư chỉ có thể trả lại từ khoản thanh toán tiền mặt","payments","Backend / all clients","server/services/payments.js:433","2026-09-20T16:19:46.383Z"
"backend_message","Số tiền thanh toán không hợp lệ","payments","Backend / all clients","server/services/payments.js:421","2026-09-20T16:19:46.383Z"
"backend_message","Số tiền thanh toán không tiền mặt vượt quá số còn nợ","payments","Backend / all clients","server/services/payments.js:432","2026-09-20T16:19:46.383Z"
"backend_message","Số tiền thanh toán phải lớn hơn 0","payments","Backend / all clients","server/services/payments.js:422","2026-09-20T16:19:46.383Z"
"backend_message","Thieu so tien tao QR","payments","Backend / all clients","server/services/payments.js:977","2026-09-20T16:19:46.383Z"
"backend_message","Thiếu địa chỉ doanh nghiệp mua hàng","payments","Backend / all clients","server/services/payments.js:281","2026-09-20T16:19:46.383Z"
"backend_message","Thiếu tên doanh nghiệp mua hàng","payments","Backend / all clients","server/services/payments.js:280","2026-09-20T16:19:46.383Z"
"backend_message","Thiếu username/password VietQR API.","payments","Backend / all clients","server/services/payments.js:219","2026-09-20T16:19:46.383Z"
"backend_message","VietQR đang bật nhưng chưa cấu hình username/password để xác thực webhook — từ chối.","payments","Backend / all clients","server/services/payments.js:1402","2026-09-20T16:19:46.383Z"
"backend_message","Webhook thanh toán phải chỉ rõ branch_id để định tuyến đúng chi nhánh.","payments","Backend / all clients","server/modules/payments/routes.js:17","2026-09-20T16:19:46.383Z"
"backend_message","Chưa cấu hình máy in hóa đơn để in phiếu chi.","printing","Backend / all clients","server/services/printing.js:2499","2026-09-20T16:19:46.383Z"
"backend_message","Chưa cấu hình máy in hóa đơn để in phiếu trả hàng.","printing","Backend / all clients","server/services/printing.js:2529","2026-09-20T16:19:46.383Z"
"backend_message","Chưa cấu hình máy in tem — thêm máy in loại","printing","Backend / all clients","server/services/printing.js:2455","2026-09-20T16:19:46.383Z"
"backend_message","Chưa cấu hình máy in/két tiền","printing","Backend / all clients","server/services/printing.js:3278","2026-09-20T16:19:46.383Z"
"backend_message","Chưa cấu hình tuyến máy in ${job.printer}","printing","Backend / all clients","server/services/printing.js:2733","2026-09-20T16:19:46.383Z"
"backend_message","Không kết nối được máy in LAN ${host}:${port}","printing","Backend / all clients","server/services/printing.js:2160","2026-09-20T16:19:46.383Z"
"backend_message","Không tìm thấy đơn Retail Online để in tem.","printing","Backend / all clients","server/services/printing.js:2406","2026-09-20T16:19:46.383Z"
"backend_message","Không tìm thấy khoản chi.","printing","Backend / all clients","server/services/printing.js:2485","2026-09-20T16:19:46.383Z"
"backend_message","Không tìm thấy khoản thanh toán","printing","Backend / all clients","server/services/printing.js:3601","2026-09-20T16:19:46.383Z"
"backend_message","Không tìm thấy phiếu trả hàng.","printing","Backend / all clients","server/services/printing.js:2514","2026-09-20T16:19:46.383Z"
"backend_message","Không tìm thấy sản phẩm để in tem","printing","Backend / all clients","server/services/printing.js:2349","2026-09-20T16:19:46.383Z"
"backend_message","Lệnh in không thuộc về thiết bị này","printing","Backend / all clients","server/services/printing.js:3126","2026-09-20T16:19:46.383Z"
"backend_message","Máy in chưa được cấu hình","printing","Backend / all clients","server/services/printing.js:3238","2026-09-20T16:19:46.383Z"
"backend_message","Máy in này không cắm vào máy bạn đang dùng — chỉ Quản lý/Admin thao tác được từ máy khác.","printing","Backend / all clients","server/services/printing.js:2705","2026-09-20T16:19:46.383Z"
"backend_message","Mở két tự động cần máy in bill kết nối LAN/IP ESC/POS","printing","Backend / all clients","server/services/printing.js:3279","2026-09-20T16:19:46.383Z"
"backend_message","Print job không thuộc chi nhánh hiện tại","printing","Backend / all clients","server/services/printing.js:3213","2026-09-20T16:19:46.383Z"
"backend_message","Print job không tồn tại","printing","Backend / all clients","server/services/printing.js:3212","2026-09-20T16:19:46.383Z"
"backend_message","Thiết bị không giữ chỗ lệnh in này","printing","Backend / all clients","server/services/printing.js:3138","2026-09-20T16:19:46.383Z"
"backend_message","Thiếu IP máy in bill nối két tiền","printing","Backend / all clients","server/services/printing.js:3280","2026-09-20T16:19:46.383Z"
"backend_message","Thiếu IP máy in LAN","printing","Backend / all clients","server/services/printing.js:2772","2026-09-20T16:19:46.383Z"
"backend_message","Thiếu payment_id cho receipt print outbox","printing","Backend / all clients","server/services/printing.js:3507","2026-09-20T16:19:46.383Z"
"backend_message","Thiếu tên máy in hệ điều hành","printing","Backend / all clients","server/services/printing.js:2780","2026-09-20T16:19:46.383Z"
"backend_message","Tuyến máy in ${printer.label || printer.id} đang tắt","printing","Backend / all clients","server/services/printing.js:2734","2026-09-20T16:19:46.383Z"
"backend_message","Tuyến máy in chưa gắn với thiết bị cụ thể","printing","Backend / all clients","server/services/printing.js:3240","2026-09-20T16:19:46.383Z"
"backend_message","Tuyến này đang để chế độ Trình duyệt, cần mở chi tiết để in bằng hộp thoại hệ thống","printing","Backend / all clients","server/services/printing.js:2788","2026-09-20T16:19:46.383Z"
"backend_message","Cần chọn kho nhận hàng","purchase","Backend / all clients","server/services/purchase.js:257","2026-09-20T16:19:46.383Z"
"backend_message","Cần chọn kho xuất hàng trả","purchase","Backend / all clients","server/services/purchase.js:531","2026-09-20T16:19:46.383Z"
"backend_message","Cần ít nhất một dòng hàng","purchase","Backend / all clients","server/services/purchase.js:186","2026-09-20T16:19:46.383Z"
"backend_message","Cần ít nhất một dòng hàng trả","purchase","Backend / all clients","server/services/purchase.js:475","2026-09-20T16:19:46.383Z"
"backend_message","Cần xác nhận đơn trước khi nhận hàng","purchase","Backend / all clients","server/services/purchase.js:255","2026-09-20T16:19:46.383Z"
"backend_message","Chỉ hủy được phiếu ở trạng thái Phiếu tạm","purchase","Backend / all clients","server/services/purchase.js:562","2026-09-20T16:19:46.383Z"
"backend_message","Chỉ sửa được đơn ở trạng thái nháp","purchase","Backend / all clients","server/services/purchase.js:204","2026-09-20T16:19:46.383Z"
"backend_message","Chỉ sửa được phiếu ở trạng thái Phiếu tạm","purchase","Backend / all clients","server/services/purchase.js:492","2026-09-20T16:19:46.383Z"
"backend_message","Chỉ xác nhận được đơn ở trạng thái nháp","purchase","Backend / all clients","server/services/purchase.js:241","2026-09-20T16:19:46.383Z"
"backend_message","Chỉ xóa được đơn ở trạng thái nháp","purchase","Backend / all clients","server/services/purchase.js:394","2026-09-20T16:19:46.383Z"
"backend_message","Chỉ xóa được phiếu ở trạng thái Phiếu tạm","purchase","Backend / all clients","server/services/purchase.js:574","2026-09-20T16:19:46.383Z"
"backend_message","Đơn đã hủy","purchase","Backend / all clients","server/services/purchase.js:324","2026-09-20T16:19:46.383Z"
"backend_message","Đơn đã hủy, không ghi nhận thanh toán","purchase","Backend / all clients","server/services/purchase.js:340","2026-09-20T16:19:46.383Z"
"backend_message","Đơn đã nhận hàng, không thể hủy","purchase","Backend / all clients","server/services/purchase.js:380","2026-09-20T16:19:46.383Z"
"backend_message","Đơn đã nhận một phần, không thể hủy","purchase","Backend / all clients","server/services/purchase.js:382","2026-09-20T16:19:46.383Z"
"backend_message","Đơn đã nhập hàng đầy đủ","purchase","Backend / all clients","server/services/purchase.js:325","2026-09-20T16:19:46.383Z"
"backend_message","Đơn mua không tồn tại","purchase","Backend / all clients","server/services/purchase.js:393","2026-09-20T16:19:46.383Z"
"backend_message","Không có dòng hàng nào để nhận","purchase","Backend / all clients","server/services/purchase.js:267","2026-09-20T16:19:46.383Z"
"backend_message","Không còn dòng hàng nào để nhận","purchase","Backend / all clients","server/services/purchase.js:331","2026-09-20T16:19:46.383Z"
"backend_message","Liên hệ này chưa được đánh dấu là Nhà cung cấp","purchase","Backend / all clients","server/services/purchase.js:136","2026-09-20T16:19:46.383Z"
"backend_message","Nhà cung cấp không tồn tại trong danh bạ Liên hệ","purchase","Backend / all clients","server/services/purchase.js:135","2026-09-20T16:19:46.383Z"
"backend_message","Phiếu đã trả hàng hoặc đã hủy","purchase","Backend / all clients","server/services/purchase.js:529","2026-09-20T16:19:46.383Z"
"backend_message","Phiếu trả hàng không tồn tại","purchase","Backend / all clients","server/services/purchase.js:573","2026-09-20T16:19:46.383Z"
"backend_message","Số lượng nhận không hợp lệ (đã nhận đủ hoặc bằng 0)","purchase","Backend / all clients","server/services/purchase.js:305","2026-09-20T16:19:46.383Z"
"backend_message","Số tiền thanh toán lớn hơn công nợ còn lại","purchase","Backend / all clients","server/services/purchase.js:344","2026-09-20T16:19:46.383Z"
"backend_message","Số tiền thanh toán phải lớn hơn 0","purchase","Backend / all clients","server/services/purchase.js:342","2026-09-20T16:19:46.383Z"
"backend_message","Thiếu device_id hoặc fcm_token","push","Backend / all clients","server/services/push.js:58","2026-09-20T16:19:46.383Z"
"backend_message","Không tìm thấy Edge/Chrome headless để tạo PDF:","reportCenter","Backend / all clients","server/services/reportCenter.js:1430","2026-09-20T16:19:46.383Z"
"backend_message","Không đủ quyền xem báo cáo này.","reports","Backend / all clients","server/modules/reports/routes.js:19","2026-09-20T16:19:46.383Z"
"backend_message","Cần quyền tiếp quản (retail.order.takeover) hoặc duyệt của Quản lý.","retail","Backend / all clients","server/modules/retail/routes.js:228","2026-09-20T16:19:46.383Z"
"backend_message","Cần quyền Trả hàng, hoặc uỷ quyền Quản lý/Admin để thực hiện.","retail","Backend / all clients","server/modules/retail/routes.js:295","2026-09-20T16:19:46.383Z"
"backend_message","Checkout trước với mã này chưa hoàn tất","retail","Backend / all clients","server/services/retail.js:131","2026-09-20T16:19:46.383Z"
"backend_message","Chỉnh giá bán cần PIN Quản lý/Admin.","retail","Backend / all clients","server/modules/retail/routes.js:158","2026-09-20T16:19:46.383Z"
"backend_message","client_request_id tối đa 128 ký tự","retail","Backend / all clients","server/services/retail.js:89","2026-09-20T16:19:46.383Z"
"backend_message","Đơn đã có thanh toán — không thể hủy nháp, dùng chức năng Hoàn trả.","retail","Backend / all clients","server/services/retail.js:362","2026-09-20T16:19:46.383Z"
"backend_message","Đơn đã đóng, không thể hủy nháp.","retail","Backend / all clients","server/services/retail.js:359","2026-09-20T16:19:46.383Z"
"backend_message","Đơn đã hoàn trước đó","retail","Backend / all clients","server/services/retail.js:401","2026-09-20T16:19:46.383Z"
"backend_message","Đơn không tồn tại","retail","Backend / all clients","server/services/retail.js:400","2026-09-20T16:19:46.383Z"
"backend_message","Giỏ hàng bán lẻ đang trống, không có gì để gộp.","retail","Backend / all clients","server/modules/retail/routes.js:254","2026-09-20T16:19:46.383Z"
"backend_message","Giỏ hàng bán lẻ không có mặt hàng hợp lệ.","retail","Backend / all clients","server/modules/retail/routes.js:258","2026-09-20T16:19:46.383Z"
"backend_message","Giỏ hàng trống","retail","Backend / all clients","server/services/retail.js:87","2026-09-20T16:19:46.383Z"
"backend_message","Giỏ này vừa được thanh toán hoặc thay đổi ở máy khác — không tạo hóa đơn trùng. Vui lòng kiểm tra lại.","retail","Backend / all clients","server/services/retail.js:147","2026-09-20T16:19:46.383Z"
"backend_message","Hết hàng: ${sku.name} (còn ${Number(sku.stock) || 0})","retail","Backend / all clients","server/services/retail.js:433","2026-09-20T16:19:46.383Z"
"backend_message","Lot ${lot.lot_no} của ${sku.name} không đủ tồn","retail","Backend / all clients","server/services/retail.js:444","2026-09-20T16:19:46.383Z"
"backend_message","Lot không tồn tại cho","retail","Backend / all clients","server/services/retail.js:443","2026-09-20T16:19:46.383Z"
"backend_message","SKU không tồn tại:","retail","Backend / all clients","server/services/retail.js:429","2026-09-20T16:19:46.383Z"
"backend_message","Thiếu bill F&B cần gộp vào.","retail","Backend / all clients","server/modules/retail/routes.js:251","2026-09-20T16:19:46.383Z"
"backend_message","Giỏ đã được thiết bị khác cập nhật. Đã tải phiên bản mới nhất; vui lòng kiểm tra trước khi thao tác tiếp.","retailCart","Backend / all clients","server/services/retailCart.js:157","2026-09-20T16:19:46.383Z"
"backend_message","Giỏ hàng đang trống","retailCart","Backend / all clients","server/services/retailCart.js:261","2026-09-20T16:19:46.383Z"
"backend_message","Giỏ hàng không còn trên hệ thống","retailCart","Backend / all clients","server/services/retailCart.js:259","2026-09-20T16:19:46.383Z"
"backend_message","Slot giỏ hàng không hợp lệ","retailCart","Backend / all clients","server/services/retailCart.js:139","2026-09-20T16:19:46.383Z"
"backend_message","Thiếu định danh thiết bị catalogue","retailCart","Backend / all clients","server/services/retailCart.js:237","2026-09-20T16:19:46.383Z"
"backend_message","Thiếu định danh thiết bị/giỏ để báo đang sử dụng","retailCart","Backend / all clients","server/services/retailCart.js:204","2026-09-20T16:19:46.383Z"
"backend_message","Đơn đang được thanh toán ở thiết bị khác.","retailCheckoutLock","Backend / all clients","server/services/retailCheckoutLock.js:49","2026-09-20T16:19:46.383Z"
"backend_message","Đơn đang thanh toán — tạm khoá chỉnh sửa.","retailCheckoutLock","Backend / all clients","server/services/retailCheckoutLock.js:107","2026-09-20T16:19:46.383Z"
"backend_message","Hóa đơn đã được thanh toán — không thể thao tác tiếp.","retailCheckoutLock","Backend / all clients","server/services/retailCheckoutLock.js:42","2026-09-20T16:19:46.383Z"
"backend_message","Hóa đơn đã thanh toán — không thể sửa.","retailCheckoutLock","Backend / all clients","server/services/retailCheckoutLock.js:103","2026-09-20T16:19:46.383Z"
"backend_message","Thiếu định danh thiết bị để thanh toán","retailCheckoutLock","Backend / all clients","server/services/retailCheckoutLock.js:36","2026-09-20T16:19:46.383Z"
"backend_message","Quyền sửa đã mất (thiết bị khác đã tiếp quản hoặc hết hạn).","retailLease","Backend / all clients","server/services/retailLease.js:96","2026-09-20T16:19:46.383Z"
"backend_message","Thiếu định danh thiết bị để giữ quyền sửa","retailLease","Backend / all clients","server/services/retailLease.js:48","2026-09-20T16:19:46.383Z"
"backend_message","Thiếu định danh thiết bị tiếp quản","retailLease","Backend / all clients","server/services/retailLease.js:120","2026-09-20T16:19:46.383Z"
"backend_message","Thiếu order_id để giữ quyền sửa","retailLease","Backend / all clients","server/services/retailLease.js:49","2026-09-20T16:19:46.383Z"
"backend_message","Bản sửa đã lạc hậu — tải lại trạng thái mới nhất.","retailOrderCommands","Backend / all clients","server/services/retailOrderCommands.js:172","2026-09-20T16:19:46.383Z"
"backend_message","Dòng hàng không tồn tại","retailOrderCommands","Backend / all clients","server/services/retailOrderCommands.js:137","2026-09-20T16:19:46.383Z"
"backend_message","Đơn đã kết thúc.","retailOrderCommands","Backend / all clients","server/services/retailOrderCommands.js:168","2026-09-20T16:19:46.383Z"
"backend_message","Đơn không tồn tại ở chi nhánh này","retailOrderCommands","Backend / all clients","server/services/retailOrderCommands.js:167","2026-09-20T16:19:46.383Z"
"backend_message","Lệnh không hợp lệ: ${command}","retailOrderCommands","Backend / all clients","server/services/retailOrderCommands.js:159","2026-09-20T16:19:46.383Z"
"backend_message","Thiếu command_id (idempotency)","retailOrderCommands","Backend / all clients","server/services/retailOrderCommands.js:158","2026-09-20T16:19:46.383Z"
"backend_message","Thiếu device_id","retailOrderCommands","Backend / all clients","server/services/retailOrderCommands.js:90","2026-09-20T16:19:46.383Z"
"backend_message","Thiếu sku_id","retailOrderCommands","Backend / all clients","server/services/retailOrderCommands.js:129","2026-09-20T16:19:46.383Z"
"backend_message","Cần nhập lại mật khẩu/PIN của Manager hoặc Admin để đổi tiền két gốc.","settings","Backend / all clients","server/modules/settings/routes.js:143","2026-09-20T16:19:46.383Z"
"backend_message","Cần nhập PIN của Manager hoặc Admin để tạo vai trò.","settings","Backend / all clients","server/modules/settings/routes.js:50","2026-09-20T16:19:46.383Z"
"backend_message","Cần nhập PIN của Manager hoặc Admin để xác nhận tạo tài khoản.","settings","Backend / all clients","server/modules/settings/routes.js:77","2026-09-20T16:19:46.383Z"
"backend_message","Cần nhập PIN của Manager hoặc Admin để xác nhận thay đổi cấu hình liên kết đối tác.","settings","Backend / all clients","server/modules/settings/routes.js:178","2026-09-20T16:19:46.383Z"
"backend_message","Cần nhập PIN của Manager hoặc Admin để xác nhận thay đổi cấu hình máy POS thẻ.","settings","Backend / all clients","server/modules/settings/routes.js:113","2026-09-20T16:19:46.383Z"
"backend_message","Cần nhập PIN của Manager hoặc Admin để xác nhận thay đổi danh mục máy in.","settings","Backend / all clients","server/modules/settings/routes.js:123","2026-09-20T16:19:46.383Z"
"backend_message","Cần nhập PIN của Manager hoặc Admin để xác nhận thay đổi mật khẩu thiết bị khách.","settings","Backend / all clients","server/modules/settings/routes.js:133","2026-09-20T16:19:46.383Z"
"backend_message","Cần nhập PIN của Manager hoặc Admin để xác nhận thay đổi phân quyền vai trò.","settings","Backend / all clients","server/modules/settings/routes.js:42","2026-09-20T16:19:46.383Z"
"backend_message","Cần nhập PIN của Manager hoặc Admin để xác nhận thay đổi thông tin nhân viên.","settings","Backend / all clients","server/modules/settings/routes.js:85","2026-09-20T16:19:46.383Z"
"backend_message","Cần nhập PIN của Manager hoặc Admin để xác nhận xóa nhân viên.","settings","Backend / all clients","server/modules/settings/routes.js:93","2026-09-20T16:19:46.383Z"
"backend_message","Cần nhập PIN của Manager hoặc Admin để xóa vai trò.","settings","Backend / all clients","server/modules/settings/routes.js:56","2026-09-20T16:19:46.383Z"
"backend_message","Chưa thể kích hoạt MISA: ${blockers.join(","settings","Backend / all clients","server/modules/settings/routes.js:188","2026-09-20T16:19:46.383Z"
"backend_message","File service-account không phải JSON hợp lệ","settings","Backend / all clients","server/services/settings/firebase.js:52","2026-09-20T16:19:46.383Z"
"backend_message","Kênh không hợp lệ hoặc thiếu cấu hình:","settings","Backend / all clients","server/modules/settings/routes.js:289","2026-09-20T16:19:46.383Z"
"backend_message","Mật khẩu iPad phải đúng 4 chữ số","settings","Backend / all clients","server/services/settings/core.js:69","2026-09-20T16:19:46.383Z"
"backend_message","Mật khẩu iPad quá dễ đoán (0000/1111/1234…). Hãy chọn 4 số khác.","settings","Backend / all clients","server/services/settings/core.js:72","2026-09-20T16:19:46.383Z"
"backend_message","Mật khẩu không đúng","settings","Backend / all clients","server/modules/settings/routes.js:457","2026-09-20T16:19:46.383Z"
"backend_message","Module ${label} đang tắt tại chi nhánh này.","settings","Backend / all clients","server/services/settings/salesModules.js:36","2026-09-20T16:19:46.383Z"
"backend_message","Thiếu trường","settings","Backend / all clients","server/services/settings/firebase.js:55","2026-09-20T16:19:46.383Z"
"backend_message","Ca lam viec khong ton tai.","shifts","Backend / all clients","server/services/shifts.js:153","2026-09-20T16:19:46.383Z"
"backend_message","Ca này vừa được kết ở nơi khác rồi.","shifts","Backend / all clients","server/services/shifts.js:106","2026-09-20T16:19:46.383Z"
"backend_message","Chua co ca dang mo de ket ca.","shifts","Backend / all clients","server/services/shifts.js:64","2026-09-20T16:19:46.383Z"
"backend_message","Dang co ca dang mo. Hay ket ca hien tai truoc khi mo ca moi.","shifts","Backend / all clients","server/services/shifts.js:44","2026-09-20T16:19:46.383Z"
"backend_message","Không thể kết ca: Vẫn còn hóa đơn lỗi hoặc chưa xuất (Thiếu:","shifts","Backend / all clients","server/services/shifts.js:84","2026-09-20T16:19:46.383Z"
"backend_message","Kết nối Shopee thiếu refresh_token.","shopeeConnector","Backend / all clients","server/services/shopeeConnector.js:112","2026-09-20T16:19:46.383Z"
"backend_message","Không tìm thấy kết nối Shopee cho shop_id=${wanted}.","shopeeConnector","Backend / all clients","server/services/shopeeConnector.js:490","2026-09-20T16:19:46.383Z"
"backend_message","missing_shopee_order_sn","shopeeConnector","Backend / all clients","server/services/shopeeConnector.js:282","2026-09-20T16:19:46.383Z"
"backend_message","Sai chữ ký push Shopee.","shopeeConnector","Backend / all clients","server/services/shopeeConnector.js:563","2026-09-20T16:19:46.383Z"
"backend_message","Shop Shopee chưa được ủy quyền (thiếu shop_id/access_token). Hãy chạy kết nối OAuth.","shopeeConnector","Backend / all clients","server/services/shopeeConnector.js:89","2026-09-20T16:19:46.383Z"
"backend_message","Shopee ${path}: ${err} ${data.message ||","shopeeConnector","Backend / all clients","server/services/shopeeConnector.js:149","2026-09-20T16:19:46.383Z"
"backend_message","Shopee chưa cấu hình Partner ID / Partner Key.","shopeeConnector","Backend / all clients","server/services/shopeeConnector.js:82","2026-09-20T16:19:46.383Z"
"backend_message","Shopee push body không hợp lệ.","shopeeConnector","Backend / all clients","server/services/shopeeConnector.js:544","2026-09-20T16:19:46.383Z"
"backend_message","Shopee push thiếu shop_id.","shopeeConnector","Backend / all clients","server/services/shopeeConnector.js:482","2026-09-20T16:19:46.383Z"
"backend_message","Shopee refresh thất bại: ${data.message || data.error ||","shopeeConnector","Backend / all clients","server/services/shopeeConnector.js:221","2026-09-20T16:19:46.383Z"
"backend_message","Shopee refresh token thất bại: ${data.message || data.error ||","shopeeConnector","Backend / all clients","server/services/shopeeConnector.js:240","2026-09-20T16:19:46.383Z"
"backend_message","Shopee tải waybill thất bại: ${errText.slice(0, 200) || res.status}","shopeeConnector","Backend / all clients","server/services/shopeeConnector.js:679","2026-09-20T16:19:46.383Z"
"backend_message","Shopee token exchange thất bại: ${data.message || data.error ||","shopeeConnector","Backend / all clients","server/services/shopeeConnector.js:201","2026-09-20T16:19:46.383Z"
"backend_message","Catalogue pull failed (${response.status})","sync","Backend / all clients","server/services/sync.js:319","2026-09-20T16:19:46.383Z"
"backend_message","Catalogue snapshot exceeds 50MB","sync","Backend / all clients","server/services/sync.js:316","2026-09-20T16:19:46.383Z"
"backend_message","Edge hub is not authorized for this branch","sync","Backend / all clients","server/modules/sync/routes.js:38","2026-09-20T16:19:46.383Z"
"backend_message","Offline/Edge sync đã ngưng — hệ thống chạy online-only. Server là nguồn dữ liệu duy nhất.","sync","Backend / all clients","server/modules/sync/routes.js:11","2026-09-20T16:19:46.383Z"
"backend_message","Store is offline; changes remain safely pending in the local outbox.","sync","Backend / all clients","server/services/sync.js:269","2026-09-20T16:19:46.383Z"
"backend_message","Upstream rejected edge batch (${response.status})","sync","Backend / all clients","server/services/sync.js:107","2026-09-20T16:19:46.383Z"
"backend_message","Khong tim thay dong nhat ky nay.","systemLogs","Backend / all clients","server/services/systemLogs.js:159","2026-09-20T16:19:46.383Z"
"backend_message","Ma so thue phai gom 10 hoac 13 chu so","tax","Backend / all clients","server/services/tax.js:172","2026-09-20T16:19:46.383Z"
"backend_message","Host không thuộc tenant này.","tenantContext","Backend / all clients","server/services/tenantContext.js:63","2026-09-20T16:19:46.383Z"
"backend_message","Không có ánh xạ TikTok Shop cho shop_id=${wanted}.","tiktokConnector","Backend / all clients","server/services/tiktokConnector.js:426","2026-09-20T16:19:46.383Z"
"backend_message","Không lấy được danh sách gian hàng TikTok Shop: ${error.message}","tiktokConnector","Backend / all clients","server/services/tiktokConnector.js:159","2026-09-20T16:19:46.383Z"
"backend_message","missing_tiktok_order_id","tiktokConnector","Backend / all clients","server/services/tiktokConnector.js:237","2026-09-20T16:19:46.383Z"
"backend_message","Sai chá»¯ kÃ½ webhook TikTok.","tiktokConnector","Backend / all clients","server/services/tiktokConnector.js:498","2026-09-20T16:19:46.383Z"
"backend_message","Sai chữ ký webhook TikTok.","tiktokConnector","Backend / all clients","server/services/tiktokConnector.js:518","2026-09-20T16:19:46.383Z"
"backend_message","Shop TikTok chưa ủy quyền (thiếu access_token/shop_cipher).","tiktokConnector","Backend / all clients","server/services/tiktokConnector.js:76","2026-09-20T16:19:46.383Z"
"backend_message","Tài khoản TikTok Shop không trả về gian hàng được ủy quyền.","tiktokConnector","Backend / all clients","server/services/tiktokConnector.js:169","2026-09-20T16:19:46.383Z"
"backend_message","TikTok ${path}: ${data.code} ${data.message ||","tiktokConnector","Backend / all clients","server/services/tiktokConnector.js:110","2026-09-20T16:19:46.383Z"
"backend_message","TikTok không trả shipping label.","tiktokConnector","Backend / all clients","server/services/tiktokConnector.js:557","2026-09-20T16:19:46.383Z"
"backend_message","TikTok refresh thất bại: ${data.message || data.code ||","tiktokConnector","Backend / all clients","server/services/tiktokConnector.js:195","2026-09-20T16:19:46.383Z"
"backend_message","TikTok Shop chưa cấu hình App Key / App Secret.","tiktokConnector","Backend / all clients","server/services/tiktokConnector.js:72","2026-09-20T16:19:46.383Z"
"backend_message","TikTok thiếu refresh_token.","tiktokConnector","Backend / all clients","server/services/tiktokConnector.js:187","2026-09-20T16:19:46.383Z"
"backend_message","TikTok token exchange thất bại: ${data.message || data.code ||","tiktokConnector","Backend / all clients","server/services/tiktokConnector.js:153","2026-09-20T16:19:46.383Z"
"backend_message","TikTok webhook body không hợp lệ.","tiktokConnector","Backend / all clients","server/services/tiktokConnector.js:503","2026-09-20T16:19:46.383Z"
"backend_message","TikTok webhook thiếu shop_id.","tiktokConnector","Backend / all clients","server/services/tiktokConnector.js:411","2026-09-20T16:19:46.383Z"
"backend_message","Chua dat gia tri toi thieu cua voucher","vouchers","Backend / all clients","server/services/vouchers.js:323","2026-09-20T16:19:46.383Z"
"backend_message","Combo can chon it nhat 1 SKU hoac 1 nhom hang","vouchers","Backend / all clients","server/services/vouchers.js:428","2026-09-20T16:19:46.383Z"
"backend_message","Gia combo phai lon hon 0","vouchers","Backend / all clients","server/services/vouchers.js:424","2026-09-20T16:19:46.383Z"
"backend_message","Giam theo % phai tu 1 den 100","vouchers","Backend / all clients","server/services/vouchers.js:422","2026-09-20T16:19:46.383Z"
"backend_message","Kieu uu dai combo khong hop le","vouchers","Backend / all clients","server/services/vouchers.js:518","2026-09-20T16:19:46.383Z"
"backend_message","Loai voucher khong hop le","vouchers","Backend / all clients","server/services/vouchers.js:537","2026-09-20T16:19:46.383Z"
"backend_message","Ma voucher da ton tai","vouchers","Backend / all clients","server/services/vouchers.js:530","2026-09-20T16:19:46.383Z"
"backend_message","Pham vi voucher khong hop le","vouchers","Backend / all clients","server/services/vouchers.js:542","2026-09-20T16:19:46.383Z"
"backend_message","SKU gan voucher khong ton tai","vouchers","Backend / all clients","server/services/vouchers.js:524","2026-09-20T16:19:46.383Z"
"backend_message","So luong combo (N) phai >= 1","vouchers","Backend / all clients","server/services/vouchers.js:429","2026-09-20T16:19:46.383Z"
"backend_message","So luong mua X phai lon hon 0","vouchers","Backend / all clients","server/services/vouchers.js:425","2026-09-20T16:19:46.383Z"
"backend_message","So tien giam phai lon hon 0","vouchers","Backend / all clients","server/services/vouchers.js:423","2026-09-20T16:19:46.383Z"
"backend_message","Thieu ten chuong trinh","vouchers","Backend / all clients","server/services/vouchers.js:420","2026-09-20T16:19:46.383Z"
"backend_message","Thoi gian bat dau khong duoc sau thoi gian ket thuc","vouchers","Backend / all clients","server/services/vouchers.js:434","2026-09-20T16:19:46.383Z"
"backend_message","Voucher gan san pham can chon SKU","vouchers","Backend / all clients","server/services/vouchers.js:437","2026-09-20T16:19:46.383Z"
"backend_message","Voucher khong kha dung hoac da tat","vouchers","Backend / all clients","server/services/vouchers.js:322","2026-09-20T16:19:46.383Z"
"backend_message","Voucher khong ton tai","vouchers","Backend / all clients","server/services/vouchers.js:118","2026-09-20T16:19:46.383Z"
"backend_message","Sai chữ ký X-ZEvent-Signature.","zaloConnector","Backend / all clients","server/services/zaloConnector.js:59","2026-09-20T16:19:46.383Z"
"backend_message","Zalo gửi tin lỗi: ${data.message || data.error}","zaloConnector","Backend / all clients","server/services/zaloConnector.js:95","2026-09-20T16:19:46.383Z"
"backend_message","Zalo OA chưa có access token.","zaloConnector","Backend / all clients","server/services/zaloConnector.js:89","2026-09-20T16:19:46.383Z"
"backend_message","Zalo refresh token thất bại: ${data.error_description || data.error ||","zaloConnector","Backend / all clients","server/services/zaloConnector.js:109","2026-09-20T16:19:46.383Z"
"backend_message","Zalo thiếu App ID / App Secret.","zaloConnector","Backend / all clients","server/services/zaloConnector.js:102","2026-09-20T16:19:46.383Z"
"backend_message","Zalo thiếu refresh_token.","zaloConnector","Backend / all clients","server/services/zaloConnector.js:103","2026-09-20T16:19:46.383Z"
"backend_message","Zalo webhook body không hợp lệ.","zaloConnector","Backend / all clients","server/services/zaloConnector.js:53","2026-09-20T16:19:46.383Z"
"client_message","Đã lưu cấu hình tài chính","accounting","Desktop / Tablet / Mobile","flutter-apps/dandpak_core/lib/src/screens/accounting/operations_panel.dart:285","2026-09-20T16:19:46.383Z"
"client_message","Đã lưu hồ sơ kê khai thuế thành công!","accounting","Desktop / Tablet / Mobile","flutter-apps/dandpak_core/lib/src/screens/accounting/operations_panel.dart:234","2026-09-20T16:19:46.383Z"
"client_message","Vui lòng nhập tên Hộ kinh doanh","accounting","Desktop / Tablet / Mobile","flutter-apps/dandpak_core/lib/src/screens/accounting/operations_panel.dart:849","2026-09-20T16:19:46.383Z"
"client_message","Kênh $provider chưa hỗ trợ đồng bộ sản phẩm","api","Desktop / Tablet / Mobile","flutter-apps/dandpak_core/lib/src/services/api/online_api.dart:266","2026-09-20T16:19:46.383Z"
"client_message","MISA khong tra ve link xem hoa don","api","Desktop / Tablet / Mobile","flutter-apps/dandpak_core/lib/src/services/api/invoice_api.dart:105","2026-09-20T16:19:46.383Z"
"client_message","MISA không trả về dữ liệu file hóa đơn","api","Desktop / Tablet / Mobile","flutter-apps/dandpak_core/lib/src/services/api/invoice_api.dart:96","2026-09-20T16:19:46.383Z"
"client_message","Catalogue bán lẻ chưa được bật trong Cài đặt","catalogue","Desktop / Tablet / Mobile","flutter-apps/dandpak_core/lib/src/screens/catalogue/retail_catalogue_screen.dart:161","2026-09-20T16:19:46.383Z"
"client_message","Ảnh tối đa 20MB","contacts","Desktop / Tablet / Mobile","flutter-apps/dandpak_core/lib/src/screens/contacts/contacts_partner_form.dart:201","2026-09-20T16:19:46.383Z"
"client_message","Bạn không có quyền thực hiện thao tác này","contacts","Desktop / Tablet / Mobile","flutter-apps/dandpak_core/lib/src/screens/contacts/contacts_screen.dart:190","2026-09-20T16:19:46.383Z"
"client_message","Cần ít nhất tên, công ty, MST, SĐT hoặc email","contacts","Desktop / Tablet / Mobile","flutter-apps/dandpak_core/lib/src/screens/contacts/contacts_partner_form.dart:115","2026-09-20T16:19:46.383Z"
"client_message","Nhập tên, công ty, MST, SĐT hoặc email","customer_picker_dialog","Desktop / Tablet / Mobile","flutter-apps/dandpak_core/lib/src/widgets/customer_picker_dialog.dart:291","2026-09-20T16:19:46.383Z"
"client_message","Đã copy JSON của dòng nhật ký","database","Desktop / Tablet / Mobile","flutter-apps/dandpak_core/lib/src/screens/database/database_system_log.dart:348","2026-09-20T16:19:46.383Z"
"client_message","Nhật ký này chưa có id để giải mã","database","Desktop / Tablet / Mobile","flutter-apps/dandpak_core/lib/src/screens/database/database_audit_tab.dart:650","2026-09-20T16:19:46.383Z"
"client_message","Đã gửi in phiếu chi","expenses","Desktop / Tablet / Mobile","flutter-apps/dandpak_core/lib/src/screens/expenses/expenses_screen.dart:735","2026-09-20T16:19:46.383Z"
"client_message","Nhập số tiền","expenses","Desktop / Tablet / Mobile","flutter-apps/dandpak_core/lib/src/screens/expenses/expenses_screen.dart:538","2026-09-20T16:19:46.383Z"
"client_message","Hai lần nhập PIN mới không khớp.","force_change_pin_screen","Desktop / Tablet / Mobile","flutter-apps/dandpak_core/lib/src/screens/force_change_pin_screen.dart:80","2026-09-20T16:19:46.383Z"
"client_message","Nhập mã PIN hiện tại.","force_change_pin_screen","Desktop / Tablet / Mobile","flutter-apps/dandpak_core/lib/src/screens/force_change_pin_screen.dart:68","2026-09-20T16:19:46.383Z"
"client_message","PIN mới phải gồm 4–6 chữ số.","force_change_pin_screen","Desktop / Tablet / Mobile","flutter-apps/dandpak_core/lib/src/screens/force_change_pin_screen.dart:72","2026-09-20T16:19:46.383Z"
"client_message","PIN mới quá dễ đoán. Hãy chọn dãy số khác.","force_change_pin_screen","Desktop / Tablet / Mobile","flutter-apps/dandpak_core/lib/src/screens/force_change_pin_screen.dart:76","2026-09-20T16:19:46.383Z"
"client_message","Job không có nội dung để in","local_print_agent","Desktop / Tablet / Mobile","flutter-apps/dandpak_core/lib/src/services/local_print_agent.dart:158","2026-09-20T16:19:46.383Z"
"client_message","Nhập mã PIN","login_gate_screen","Desktop / Tablet / Mobile","flutter-apps/dandpak_core/lib/src/screens/login_gate_screen.dart:562","2026-09-20T16:19:46.383Z"
"client_message","Nhập tài khoản quản trị","login_gate_screen","Desktop / Tablet / Mobile","flutter-apps/dandpak_core/lib/src/screens/login_gate_screen.dart:556","2026-09-20T16:19:46.383Z"
"client_message","Ảnh tối đa 20MB","management","Desktop / Tablet / Mobile","flutter-apps/dandpak_core/lib/src/screens/management/menu_item_dialogs.dart:696","2026-09-20T16:19:46.383Z"
"client_message","Cần nhập khu vực và số bàn","management","Desktop / Tablet / Mobile","flutter-apps/dandpak_core/lib/src/screens/management/settings_tables_panel.dart:329","2026-09-20T16:19:46.383Z"
"client_message","Cần nhập tên chi nhánh","management","Desktop / Tablet / Mobile","flutter-apps/dandpak_core/lib/src/screens/management/settings_branches_panel.dart:197","2026-09-20T16:19:46.383Z"
"client_message","Cần nhập tên món và chọn nhóm","management","Desktop / Tablet / Mobile","flutter-apps/dandpak_core/lib/src/screens/management/menu_item_dialogs.dart:203","2026-09-20T16:19:46.383Z"
"client_message","Chọn mẫu hóa đơn trước khi kết nối.","management","Desktop / Tablet / Mobile","flutter-apps/dandpak_core/lib/src/screens/management/misa_meinvoice_panel.dart:395","2026-09-20T16:19:46.383Z"
"client_message","Dữ liệu ảnh không hợp lệ","management","Desktop / Tablet / Mobile","flutter-apps/dandpak_core/lib/src/screens/management/settings_customer_display_panel.dart:190","2026-09-20T16:19:46.383Z"
"client_message","Đã đổi PIN thiết bị khách","management","Desktop / Tablet / Mobile","flutter-apps/dandpak_core/lib/src/screens/management/settings_devices_panel.dart:112","2026-09-20T16:19:46.383Z"
"client_message","Đã đồng bộ ${_systemPrinters.length} máy in từ hệ điều hành","management","Desktop / Tablet / Mobile","flutter-apps/dandpak_core/lib/src/screens/management/settings_connections_panel.dart:1719","2026-09-20T16:19:46.383Z"
"client_message","Đã gửi job in thử","management","Desktop / Tablet / Mobile","flutter-apps/dandpak_core/lib/src/screens/management/settings_connections_panel.dart:383","2026-09-20T16:19:46.383Z"
"client_message","Đã lưu cấu hình máy POS thẻ","management","Desktop / Tablet / Mobile","flutter-apps/dandpak_core/lib/src/screens/management/settings_connections_panel.dart:367","2026-09-20T16:19:46.383Z"
"client_message","Đã lưu cấu hình thông báo","management","Desktop / Tablet / Mobile","flutter-apps/dandpak_core/lib/src/screens/management/settings_notify_routing_panel.dart:241","2026-09-20T16:19:46.383Z"
"client_message","Đã lưu chính sách phát hành hóa đơn","management","Desktop / Tablet / Mobile","flutter-apps/dandpak_core/lib/src/screens/management/settings_connections_panel.dart:1852","2026-09-20T16:19:46.383Z"
"client_message","Đã lưu danh mục in thành công","management","Desktop / Tablet / Mobile","flutter-apps/dandpak_core/lib/src/screens/management/settings_connections_panel.dart:1802","2026-09-20T16:19:46.383Z"
"client_message","Đã lưu liên kết","management","Desktop / Tablet / Mobile","flutter-apps/dandpak_core/lib/src/screens/management/settings_integrations_panel.dart:748","2026-09-20T16:19:46.383Z"
"client_message","Đã sao chép Webhook URL vào bộ nhớ tạm","management","Desktop / Tablet / Mobile","flutter-apps/dandpak_core/lib/src/screens/management/settings_integrations_panel.dart:980","2026-09-20T16:19:46.383Z"
"client_message","Hiện chỉ hỗ trợ ảnh cho màn hình phụ","management","Desktop / Tablet / Mobile","flutter-apps/dandpak_core/lib/src/screens/management/settings_customer_display_panel.dart:157","2026-09-20T16:19:46.383Z"
"client_message","Không đọc được ảnh","management","Desktop / Tablet / Mobile","flutter-apps/dandpak_core/lib/src/screens/management/book_menu_panel.dart:366","2026-09-20T16:19:46.383Z"
"client_message","Không tạo được ảnh QR","management","Desktop / Tablet / Mobile","flutter-apps/dandpak_core/lib/src/screens/management/settings_tables_panel.dart:559","2026-09-20T16:19:46.383Z"
"client_message","Không thấy máy in nào đang kết nối. Kiểm tra dây/nguồn máy in và Hardware Agent trên máy đó rồi bấm dò lại.","management","Desktop / Tablet / Mobile","flutter-apps/dandpak_core/lib/src/screens/management/settings_connections_panel.dart:1259","2026-09-20T16:19:46.383Z"
"client_message","Mật khẩu quá dễ đoán (0000/1111/1234…). Hãy chọn 4 số khác.","management","Desktop / Tablet / Mobile","flutter-apps/dandpak_core/lib/src/screens/management/settings_devices_panel.dart:92","2026-09-20T16:19:46.383Z"
"client_message","Nhập đủ mã số thuế, tên đăng nhập và mật khẩu.","management","Desktop / Tablet / Mobile","flutter-apps/dandpak_core/lib/src/screens/management/misa_meinvoice_panel.dart:348","2026-09-20T16:19:46.383Z"
"client_message","PIN phải đúng 4 chữ số","management","Desktop / Tablet / Mobile","flutter-apps/dandpak_core/lib/src/screens/management/settings_devices_panel.dart:86","2026-09-20T16:19:46.383Z"
"client_message","Server không trả về đường dẫn ảnh","management","Desktop / Tablet / Mobile","flutter-apps/dandpak_core/lib/src/screens/management/settings_customer_display_panel.dart:199","2026-09-20T16:19:46.383Z"
"client_message","Vui lòng nhập ID cho dòng máy in thứ ${i + 1}","management","Desktop / Tablet / Mobile","flutter-apps/dandpak_core/lib/src/screens/management/settings_connections_panel.dart:1747","2026-09-20T16:19:46.383Z"
"client_message","Nhập tên và số tiền","money","Desktop / Tablet / Mobile","flutter-apps/dandpak_core/lib/src/screens/money/money_screen.dart:1144","2026-09-20T16:19:46.383Z"
"client_message","Nhập từ khoá","money","Desktop / Tablet / Mobile","flutter-apps/dandpak_core/lib/src/screens/money/money_screen.dart:744","2026-09-20T16:19:46.383Z"
"client_message","Cần ít nhất một gian hàng, chi nhánh và kho đang hoạt động.","online","Desktop / Tablet / Mobile","flutter-apps/dandpak_core/lib/src/screens/online/marketplace_connect_panel.dart:218","2026-09-20T16:19:46.383Z"
"client_message","Không lấy được liên kết uỷ quyền","online","Desktop / Tablet / Mobile","flutter-apps/dandpak_core/lib/src/screens/online/marketplace_connect_panel.dart:92","2026-09-20T16:19:46.383Z"
"client_message","Không lấy được liên kết uỷ quyền Haravan","online","Desktop / Tablet / Mobile","flutter-apps/dandpak_core/lib/src/screens/online/haravan_connect_panel.dart:62","2026-09-20T16:19:46.383Z"
"client_message","Đã lưu file nhưng không mở được ($safe). File nằm ở: $path","open_file","Desktop / Tablet / Mobile","flutter-apps/dandpak_core/lib/src/ui/open_file.dart:47","2026-09-20T16:19:46.383Z"
"client_message","Cần đủ MST 10/13 số, tên pháp lý và địa chỉ công ty","order_history_receipt_pane","Desktop / Tablet / Mobile","flutter-apps/dandpak_core/lib/src/screens/order_history_receipt_pane.dart:483","2026-09-20T16:19:46.383Z"
"client_message","${sku.name} đã hết hàng","phone","Mobile","flutter-apps/dandpak_core/lib/src/screens/phone/phone_sell_screen.dart:1199","2026-09-20T16:19:46.383Z"
"client_message","Cần ít nhất một dòng hàng","phone","Mobile","flutter-apps/dandpak_core/lib/src/screens/phone/phone_doc_form_screens.dart:715","2026-09-20T16:19:46.383Z"
"client_message","Cần nhập khu vực và số bàn","phone","Mobile","flutter-apps/dandpak_core/lib/src/screens/phone/phone_settings_panels.dart:882","2026-09-20T16:19:46.383Z"
"client_message","Cần nhập tên chi nhánh","phone","Mobile","flutter-apps/dandpak_core/lib/src/screens/phone/phone_settings_panels.dart:1576","2026-09-20T16:19:46.383Z"
"client_message","Chọn cả kho xuất và kho nhận","phone","Mobile","flutter-apps/dandpak_core/lib/src/screens/phone/phone_doc_form_screens.dart:706","2026-09-20T16:19:46.383Z"
"client_message","Chọn ca làm việc trước","phone","Mobile","flutter-apps/dandpak_core/lib/src/screens/phone/phone_shift_screen.dart:141","2026-09-20T16:19:46.383Z"
"client_message","Chọn ít nhất một món để trả","phone","Mobile","flutter-apps/dandpak_core/lib/src/screens/phone/phone_return_screen.dart:135","2026-09-20T16:19:46.383Z"
"client_message","Chưa mở ca — không thể thu tiền.","phone","Mobile","flutter-apps/dandpak_core/lib/src/screens/phone/phone_sell_screen.dart:608","2026-09-20T16:19:46.383Z"
"client_message","Chưa tải được danh sách bảng giá","phone","Mobile","flutter-apps/dandpak_core/lib/src/screens/phone/phone_sell_settings_screen.dart:156","2026-09-20T16:19:46.383Z"
"client_message","Khong tao duoc don de cap ma chuyen khoan.","phone","Mobile","flutter-apps/dandpak_core/lib/src/screens/phone/phone_sell_screen.dart:968","2026-09-20T16:19:46.383Z"
"client_message","Không xác định được hóa đơn","phone","Mobile","flutter-apps/dandpak_core/lib/src/screens/phone/phone_return_screen.dart:78","2026-09-20T16:19:46.383Z"
"client_message","Không xoá được bảng giá chung","phone","Mobile","flutter-apps/dandpak_core/lib/src/screens/phone/phone_settings_panels.dart:223","2026-09-20T16:19:46.383Z"
"client_message","Nhập họ và tên khách","phone","Mobile","flutter-apps/dandpak_core/lib/src/screens/phone/phone_customer_screen.dart:397","2026-09-20T16:19:46.383Z"
"client_message","Nhập tên kho","phone","Mobile","flutter-apps/dandpak_core/lib/src/screens/phone/phone_settings_panels.dart:547","2026-09-20T16:19:46.383Z"
"client_message","Số tiền chi phải lớn hơn 0","phone","Mobile","flutter-apps/dandpak_core/lib/src/screens/phone/phone_form_screens.dart:139","2026-09-20T16:19:46.383Z"
"client_message","Thiếu tên hàng hóa","phone","Mobile","flutter-apps/dandpak_core/lib/src/screens/phone/phone_doc_form_screens.dart:298","2026-09-20T16:19:46.383Z"
"client_message","Đã xác nhận xử lý yêu cầu gọi phục vụ","pos_bill_widgets","Desktop / Tablet / Mobile","flutter-apps/dandpak_core/lib/src/screens/pos_bill_widgets.dart:233","2026-09-20T16:19:46.383Z"
"client_message","Combo chưa có sản phẩm phù hợp trong kho","pos_dialogs","Desktop / Tablet / Mobile","flutter-apps/dandpak_core/lib/src/screens/pos_dialogs.dart:667","2026-09-20T16:19:46.383Z"
"client_message","Đã từ chối các món ăn đã chọn.","pos_dialogs","Desktop / Tablet / Mobile","flutter-apps/dandpak_core/lib/src/screens/pos_dialogs.dart:159","2026-09-20T16:19:46.383Z"
"client_message","Đã xác nhận món ăn và gửi xuống bếp/bar.","pos_dialogs","Desktop / Tablet / Mobile","flutter-apps/dandpak_core/lib/src/screens/pos_dialogs.dart:117","2026-09-20T16:19:46.383Z"
"client_message","Không lưu được đơn: ${e.toString().replaceFirst(","pos_dialogs","Desktop / Tablet / Mobile","flutter-apps/dandpak_core/lib/src/screens/pos_dialogs.dart:687","2026-09-20T16:19:46.383Z"
"client_message","Vui lòng chọn ít nhất một món để từ chối.","pos_dialogs","Desktop / Tablet / Mobile","flutter-apps/dandpak_core/lib/src/screens/pos_dialogs.dart:139","2026-09-20T16:19:46.383Z"
"client_message","Vui lòng chọn ít nhất một món để xác nhận.","pos_dialogs","Desktop / Tablet / Mobile","flutter-apps/dandpak_core/lib/src/screens/pos_dialogs.dart:105","2026-09-20T16:19:46.383Z"
"client_message","Vui lòng nhập lý do từ chối để đối soát.","pos_dialogs","Desktop / Tablet / Mobile","flutter-apps/dandpak_core/lib/src/screens/pos_dialogs.dart:147","2026-09-20T16:19:46.383Z"
"client_message","Đang xử lý thanh toán, vui lòng chờ.","pos_provider","Desktop / Tablet / Mobile","flutter-apps/dandpak_core/lib/src/providers/pos_provider.dart:1020","2026-09-20T16:19:46.383Z"
"client_message","Đang xử lý, vui lòng chờ trong giây lát.","pos_provider","Desktop / Tablet / Mobile","flutter-apps/dandpak_core/lib/src/providers/pos_provider.dart:1134","2026-09-20T16:19:46.383Z"
"client_message","Hóa đơn không có số tiền cần thanh toán.","pos_provider","Desktop / Tablet / Mobile","flutter-apps/dandpak_core/lib/src/providers/pos_provider.dart:1017","2026-09-20T16:19:46.383Z"
"client_message","Thiếu mã hóa đơn để thanh toán.","pos_provider","Desktop / Tablet / Mobile","flutter-apps/dandpak_core/lib/src/providers/pos_provider.dart:1010","2026-09-20T16:19:46.383Z"
"client_message","Chọn ít nhất một món để trả","retail","Desktop / Tablet / Mobile","flutter-apps/dandpak_core/lib/src/screens/retail/retail_return_view.dart:210","2026-09-20T16:19:46.383Z"
"client_message","Mã voucher không tồn tại hoặc chưa đủ điều kiện.","retail","Desktop / Tablet / Mobile","flutter-apps/dandpak_core/lib/src/screens/retail/retail_cart_widgets.dart:55","2026-09-20T16:19:46.383Z"
"client_message","MST công ty phải gồm 10 hoặc 13 chữ số","retail","Desktop / Tablet / Mobile","flutter-apps/dandpak_core/lib/src/screens/retail/checkout_dialog.dart:630","2026-09-20T16:19:46.383Z"
"client_message","Nhập địa chỉ công ty xuất hóa đơn","retail","Desktop / Tablet / Mobile","flutter-apps/dandpak_core/lib/src/screens/retail/checkout_dialog.dart:634","2026-09-20T16:19:46.383Z"
"client_message","Nhập tên công ty xuất hóa đơn","retail","Desktop / Tablet / Mobile","flutter-apps/dandpak_core/lib/src/screens/retail/checkout_dialog.dart:632","2026-09-20T16:19:46.383Z"
"client_message","Chọn ít nhất một món để trả","return_dialog","Desktop / Tablet / Mobile","flutter-apps/dandpak_core/lib/src/widgets/return_dialog.dart:149","2026-09-20T16:19:46.383Z"
"client_message","Exception:","return_dialog","Desktop / Tablet / Mobile","flutter-apps/dandpak_core/lib/src/widgets/return_dialog.dart:193","2026-09-20T16:19:46.383Z"
"client_message","Chưa kết nối được tích điểm — bạn vẫn có thể gọi món bình thường.","self_order","Tablet / BYOD","flutter-apps/dandpak_core/lib/src/screens/self_order/self_order_phone_screen.dart:115","2026-09-20T16:19:46.383Z"
"client_message","Mật khẩu không đúng","self_order","Tablet / BYOD","flutter-apps/dandpak_core/lib/src/screens/self_order/self_order_staff_exit.dart:81","2026-09-20T16:19:46.383Z"
"client_message","Vui lòng chọn: ${g.name}","self_order","Tablet / BYOD","flutter-apps/dandpak_core/lib/src/screens/self_order/self_order_menu_screen.dart:347","2026-09-20T16:19:46.383Z"
"client_message","Bạn không có quyền xóa sản phẩm","warehouse","Desktop / Tablet / Mobile","flutter-apps/dandpak_core/lib/src/screens/warehouse/warehouse_screen_methods.dart:1586","2026-09-20T16:19:46.383Z"
"client_message","Đã cập nhật giá","warehouse","Desktop / Tablet / Mobile","flutter-apps/dandpak_core/lib/src/screens/warehouse/price_book_page.dart:288","2026-09-20T16:19:46.383Z"
"client_message","Đã lưu file mẫu","warehouse","Desktop / Tablet / Mobile","flutter-apps/dandpak_core/lib/src/screens/warehouse/kv_excel.dart:589","2026-09-20T16:19:46.383Z"
"client_message","Không đọc được file để lưu vào Tài liệu","warehouse","Desktop / Tablet / Mobile","flutter-apps/dandpak_core/lib/src/screens/warehouse/kv_excel.dart:310","2026-09-20T16:19:46.383Z"
"client_message","Không thấy mã","warehouse","Desktop / Tablet / Mobile","flutter-apps/dandpak_core/lib/src/screens/warehouse/kv_shared.dart:575","2026-09-20T16:19:46.383Z"
"client_message","Nhập tên mặt hàng","warehouse","Desktop / Tablet / Mobile","flutter-apps/dandpak_core/lib/src/screens/warehouse/stock_move_dialog.dart:198","2026-09-20T16:19:46.383Z"
"client_message","Số lượng không hợp lệ","warehouse","Desktop / Tablet / Mobile","flutter-apps/dandpak_core/lib/src/screens/warehouse/stock_move_dialog.dart:43","2026-09-20T16:19:46.383Z"
"error_code","APPROVAL_BAD_CONTEXT","approval","Backend / all clients","server/services/approval.js:44","2026-09-20T16:19:46.383Z"
"error_code","APPROVAL_EXPIRED","approval","Backend / all clients","server/services/approval.js:72","2026-09-20T16:19:46.383Z"
"error_code","APPROVAL_INVALID","approval","Backend / all clients","server/services/approval.js:70","2026-09-20T16:19:46.383Z"
"error_code","APPROVAL_REPLAY","approval","Backend / all clients","server/services/approval.js:79","2026-09-20T16:19:46.383Z"
"error_code","APPROVAL_SCOPE_MISMATCH","approval","Backend / all clients","server/services/approval.js:74","2026-09-20T16:19:46.383Z"
"error_code","BYOD_INVALID","byod","Tablet / BYOD","server/services/byod.js:19","2026-09-20T16:19:46.383Z"
"error_code","CATALOGUE_SYNC_INVALID","catalogueSync","Backend / all clients","server/services/catalogueSync.js:24","2026-09-20T16:19:46.383Z"
"error_code","MARKETPLACE_REFRESH_IN_PROGRESS","connectionStore","Backend / all clients","server/services/connectionStore.js:360","2026-09-20T16:19:46.383Z"
"error_code","EDGE_SYNC_INVALID","edgeSync","Backend / all clients","server/services/edgeSync.js:39","2026-09-20T16:19:46.383Z"
"error_code","BUYER_EQUALS_SELLER","einvoice","Backend / all clients","server/services/einvoice.js:33","2026-09-20T16:19:46.383Z"
"error_code","CANCEL_PROVIDER_ERROR","einvoice","Backend / all clients","server/services/einvoice.js:906","2026-09-20T16:19:46.383Z"
"error_code","RETURNED_ORDER_INVOICE_HOLD","einvoice","Backend / all clients","server/services/einvoice.js:572","2026-09-20T16:19:46.383Z"
"error_code","SPLIT_INVOICE_DISABLED","einvoice","Backend / all clients","server/services/einvoice.js:173","2026-09-20T16:19:46.383Z"
"error_code","WORKER_LEASE_EXPIRED","einvoice","Backend / all clients","server/services/einvoice.js:504","2026-09-20T16:19:46.383Z"
"error_code","APP_ERROR","errors","Backend / all clients","server/core/errors.js:4","2026-09-20T16:19:46.383Z"
"error_code","HARAVAN_OWNER_REQUIRED","haravanConnector","Backend / all clients","server/services/haravanConnector.js:357","2026-09-20T16:19:46.383Z"
"error_code","HARAVAN_WEBHOOK_SCOPE_MISSING","haravanConnector","Backend / all clients","server/services/haravanConnector.js:454","2026-09-20T16:19:46.383Z"
"error_code","API_NOT_FOUND","http","Backend / all clients","server/core/http.js:8","2026-09-20T16:19:46.383Z"
"error_code","DATA_CONFLICT","http","Backend / all clients","server/core/http.js:34","2026-09-20T16:19:46.383Z"
"error_code","INTERNAL_ERROR","http","Backend / all clients","server/core/http.js:41","2026-09-20T16:19:46.383Z"
"error_code","IMAGE_SIGNATURE_MISMATCH","imageValidation","Backend / all clients","server/core/imageValidation.js:30","2026-09-20T16:19:46.383Z"
"error_code","INVOICE_REPLACEMENT_REQUIRED","invoices","Backend / all clients","server/modules/invoices/routes.js:47","2026-09-20T16:19:46.383Z"
"error_code","EMPTY_RESULT","misa","Backend / all clients","server/services/misa/invoice.js:164","2026-09-20T16:19:46.383Z"
"error_code","INVALID_TEMPLATE_DATA","misa","Backend / all clients","server/services/misa/company.js:219","2026-09-20T16:19:46.383Z"
"error_code","MISSING_EMAIL","misa","Backend / all clients","server/services/misa/invoice.js:228","2026-09-20T16:19:46.383Z"
"error_code","MISSING_TEMPLATE_NO","misa","Backend / all clients","server/services/misa/invoice.js:131","2026-09-20T16:19:46.383Z"
"error_code","MISSING_TRANSACTION_ID","misa","Backend / all clients","server/services/misa/invoice.js:269","2026-09-20T16:19:46.383Z"
"error_code","NO_TOKEN","misa","Backend / all clients","server/services/misa/developerPortal.js:53","2026-09-20T16:19:46.383Z"
"error_code","PAYLOAD_ERROR","misa","Backend / all clients","server/services/misa/invoice.js:104","2026-09-20T16:19:46.383Z"
"error_code","UNSUPPORTED_PROVIDER","misa","Backend / all clients","server/services/misa/invoice.js:266","2026-09-20T16:19:46.383Z"
"error_code","ONLINE_ITEM_UNMAPPED","online","Backend / all clients","server/services/online.js:104","2026-09-20T16:19:46.383Z"
"error_code","PAID_NEEDS_REFUND","orders","Backend / all clients","server/services/orders.js:672","2026-09-20T16:19:46.383Z"
"error_code","PERM_REQUIRED","orders","Backend / all clients","server/modules/orders/routes.js:339","2026-09-20T16:19:46.383Z"
"error_code","PAYMENT_ACCOUNT_NOT_CONFIGURED","paymentIntents","Backend / all clients","server/services/paymentIntents.js:99","2026-09-20T16:19:46.383Z"
"error_code","PAYMENT_INTENT_AMOUNT_CHANGED","paymentIntents","Backend / all clients","server/services/paymentIntents.js:236","2026-09-20T16:19:46.383Z"
"error_code","PAYMENT_INTENT_NOT_ACTIVE","paymentIntents","Backend / all clients","server/services/paymentIntents.js:234","2026-09-20T16:19:46.383Z"
"error_code","PAYMENT_INTENT_SCOPE_MISMATCH","paymentIntents","Backend / all clients","server/services/paymentIntents.js:231","2026-09-20T16:19:46.383Z"
"error_code","PAYMENT_REFERENCE_EXHAUSTED","paymentIntents","Backend / all clients","server/services/paymentIntents.js:125","2026-09-20T16:19:46.383Z"
"error_code","ALREADY_SETTLED","payments","Backend / all clients","server/services/payments.js:635","2026-09-20T16:19:46.383Z"
"error_code","OFFLINE_PAYMENT_UNVERIFIABLE","payments","Backend / all clients","server/services/payments.js:96","2026-09-20T16:19:46.383Z"
"error_code","ORDER_ALREADY_PAID","payments","Backend / all clients","server/services/payments.js:684","2026-09-20T16:19:46.383Z"
"error_code","PAYMENT_INTENT_FINALIZE_INCOMPLETE","payments","Backend / all clients","server/services/payments.js:701","2026-09-20T16:19:46.383Z"
"error_code","PAYMENT_INTENT_TAKEOVER_REQUIRED","payments","Backend / all clients","server/services/payments.js:620","2026-09-20T16:19:46.383Z"
"error_code","A01","receipt_doc","Backend / all clients","server/services/receipt_doc.js:441","2026-09-20T16:19:46.383Z"
"error_code","CART_ALREADY_CHECKED_OUT","retail","Backend / all clients","server/services/retail.js:148","2026-09-20T16:19:46.383Z"
"error_code","RETURN_APPROVAL_REQUIRED","retail","Backend / all clients","server/modules/retail/routes.js:296","2026-09-20T16:19:46.383Z"
"error_code","TAKEOVER_APPROVAL_REQUIRED","retail","Backend / all clients","server/modules/retail/routes.js:229","2026-09-20T16:19:46.383Z"
"error_code","CART_VERSION_CONFLICT","retailCart","Backend / all clients","server/services/retailCart.js:159","2026-09-20T16:19:46.383Z"
"error_code","ORDER_ALREADY_CHECKING_OUT","retailCheckoutLock","Backend / all clients","server/services/retailCheckoutLock.js:108","2026-09-20T16:19:46.383Z"
"error_code","ORDER_FINALIZED","retailCheckoutLock","Backend / all clients","server/services/retailCheckoutLock.js:104","2026-09-20T16:19:46.383Z"
"error_code","EDIT_LEASE_LOST","retailLease","Backend / all clients","server/services/retailLease.js:97","2026-09-20T16:19:46.383Z"
"error_code","ORDER_FINALIZED","retailOrderCommands","Backend / all clients","server/services/retailOrderCommands.js:168","2026-09-20T16:19:46.383Z"
"error_code","ORDER_NOT_FOUND","retailOrderCommands","Backend / all clients","server/services/retailOrderCommands.js:167","2026-09-20T16:19:46.383Z"
"error_code","ORDER_VERSION_CONFLICT","retailOrderCommands","Backend / all clients","server/services/retailOrderCommands.js:173","2026-09-20T16:19:46.383Z"
"error_code","RETURNED_ORDER_INVOICE_HOLD","returns","Backend / all clients","server/services/returns.js:324","2026-09-20T16:19:46.383Z"
"error_code","MODULE_DISABLED","settings","Backend / all clients","server/services/settings/salesModules.js:38","2026-09-20T16:19:46.383Z"
"error_code","EINVOICE_BLOCK","shifts","Backend / all clients","server/services/shifts.js:86","2026-09-20T16:19:46.383Z"
"error_code","SHIFT_ALREADY_CLOSED","shifts","Backend / all clients","server/services/shifts.js:107","2026-09-20T16:19:46.383Z"
"error_code","EDGE_SYNC_BRANCH_FORBIDDEN","sync","Backend / all clients","server/modules/sync/routes.js:39","2026-09-20T16:19:46.383Z"
"error_code","OFFLINE_DECOMMISSIONED","sync","Backend / all clients","server/modules/sync/routes.js:12","2026-09-20T16:19:46.383Z"
"error_code","STORE_OFFLINE","sync","Backend / all clients","server/services/sync.js:270","2026-09-20T16:19:46.383Z"
"error_code","SYNC_TRANSPORT_NOT_CONFIGURED","sync","Backend / all clients","server/services/sync.js:277","2026-09-20T16:19:46.383Z"
"error_code","TIKTOK_NO_AUTHORIZED_SHOPS","tiktokConnector","Backend / all clients","server/services/tiktokConnector.js:170","2026-09-20T16:19:46.383Z"
"error_code","TIKTOK_SHOP_DISCOVERY_FAILED","tiktokConnector","Backend / all clients","server/services/tiktokConnector.js:160","2026-09-20T16:19:46.383Z"
